,Broad business,Recession alerts,Industrial Production,Manufacturing,Services,Small Business sentix,Consumption,Consumers sentiment,Labour HH survey,Labour estabilishment survey,Housing activity,Retail sales,corporate sales & margins,"Income, savings",Interest rates,Rates sentiment,CPI,CPI sentiment,PPI finished goods,BS_housing wealth,BS_housing refinancing,BS_current asset / liabilities,Savings rate ,FED BS / Money supply (billions),FED BS Assets - Reverse Repo,FED Balance Sheet (total factors ABSORBING reserve funds),Currency in circulation (1),Deposits with Federal Reserve Banks excluding Reserve Balances (4),FED BS with Fed Banks
30/04/2001,31.28787879,68.33333333,15.0297619,58.51851852,41.19047619,39.64285714,11.11111111,23.18181818,22.26190476,37.53623188,66.1525974,9.126984127,32.02020202,29.28571429,31.6025641,38.59126984,54.6957672,36.03174603,31.74603175,45.5,64.28571429,50.33333333,7,0.11815689,,,,,
31/05/2001,31.67613636,72.8515625,18.81944444,62.23958333,39.28571429,50.91666667,23.95833333,37.78409091,22.04241071,39.80978261,67.8030303,15.18518519,29.26136364,30,31.21995192,46.01851852,49.84567901,56.8452381,36.66666667,59.78515625,66.60714286,45,7.34375,0.124061629,,,,,
30/06/2001,42.37967914,68.75,17.96875,61.51960784,47.58403361,57.578125,30.88235294,46.65775401,20.58823529,38.5230179,57.59943182,16.31944444,24.68805704,51.45833333,35.20927602,36.37152778,51.38888889,52.94117647,46.875,58.75,69.74789916,48.52941176,11.47058824,0.119663749,,,,,
31/07/2001,47.22222222,55.55555556,15.44117647,68.36419753,45.03968254,49.26470588,25,54.04040404,21.57738095,39.91545894,61.56417112,13.07189542,26.51515152,50,31.43696581,33.49673203,58.36056645,19.57671958,32.67973856,67.8125,65.87301587,52.63888889,17.15277778,0.121908304,,,,,
31/08/2001,50.29904306,53.125,14.46759259,69.95614035,48.59022556,53.54166667,27.63157895,47.1291866,15.97744361,37.47139588,57.89141414,26.2345679,30.70175439,27.59259259,29.78238866,39.35185185,49.02263374,37.3433584,20.67901235,55.69078947,58.0075188,59.73684211,15,0.119925569,,,,,
30/09/2001,41.02272727,60.9375,25.98684211,60.13888889,49.10714286,61.11842105,9.166666667,14.26136364,17.41071429,33.9673913,55.68181818,29.53216374,28.33333333,33.50877193,30.04807692,37.64619883,48.29434698,19.4047619,22.22222222,45.15625,56.25,58.375,9.5,0.119865172,,,,,
31/10/2001,44.20995671,58.03571429,26.04166667,33.86243386,25.51020408,48.1875,41.26984127,22.61904762,14.62585034,32.73809524,38.40909091,4.722222222,30.88023088,28.5,25.8470696,64.79166667,44.67592593,16.66666667,24.16666667,56.51785714,60.27210884,63.45238095,8.452380952,0.122509853,,,,,
30/11/2001,48.29545455,64.77272727,31.34920635,50.25252525,38.71753247,41.78571429,31.43939394,23.96694215,14.56980519,32.9298419,34.46969697,30.42328042,24.44903581,60.79365079,33.78496503,44.84126984,46.11992945,9.74025974,7.407407407,34.77272727,76.62337662,58.97727273,8.465909091,0.120366412,,,,,
31/12/2001,60.91897233,58.83152174,27.46212121,60.02415459,38.12111801,45.68181818,40.2173913,55.92885375,13.66459627,31.61625709,69.00826446,30.05050505,31.55467721,59.84848485,43.10200669,33.01767677,47.64309764,18.2194617,4.545454545,77.37771739,73.29192547,61.4673913,13.47826087,0.120953293,,,,,
31/01/2002,66.00378788,68.22916667,36.73007246,61.80555556,49.25595238,57.66304348,21.52777778,68.46590909,16.33184524,33.65036232,70.00988142,33.81642512,28.59848485,59.27536232,42.78846154,42.33091787,39.09017713,38.19444444,4.830917874,60.36458333,72.70833333,61.45833333,22.86458333,0.121608143,,,,,
28/02/2002,66.59090909,66.875,53.125,69.27777778,51.35714286,53.38541667,28.33333333,65.36363636,21.32142857,31.7826087,82.14962121,48.37962963,36.18181818,40.41666667,41.80769231,52.83564815,39.13966049,38,11.11111111,56.1,68.6,63.3,25.25,0.120350938,,,,,
31/03/2002,74.86888112,65.625,54.625,65.27777778,57.00549451,49.7,49.67948718,78.54020979,24.31318681,34.90802676,58.6875,49.11111111,23.48484848,48.93333333,50.16642012,46.88888889,37.7037037,53.93772894,14.77777778,66.92307692,78.73626374,40.96153846,36.05769231,0.119989805,,,,,
30/04/2002,70.41245791,67.93981481,65.98557692,62.70576132,57.01058201,67.40384615,46.2962963,73.73737374,29.16666667,36.37278583,54.17668269,39.52991453,24.29854097,52.69230769,48.80698006,62.01923077,40.0997151,56.79012346,24.46581197,56.2037037,74.31216931,37.5,39.07407407,0.121301216,,,,,
31/05/2002,75,65.84821429,64.93055556,57.09325397,65.81632653,66.38888889,31.25,78.44967532,31.34566327,40.89673913,45.37037037,69.5473251,37.39177489,46.54320988,47.06387363,66.97530864,45.09602195,61.9047619,31.06995885,70.46875,71.58163265,68.03571429,39.24107143,0.126969024,,,,,
30/06/2002,62.69592476,63.25431034,74.59077381,50.52681992,62.00738916,60.26785714,41.95402299,54.23197492,31.95812808,44.22788606,50.11160714,42.85714286,36.99059561,42.02380952,38.6770557,62.64880952,39.83134921,59.85221675,25.89285714,62.59698276,62.53694581,69.09482759,34.26724138,0.124584814,,,,,
31/07/2002,57.38636364,58.125,80.92672414,39.81481481,42.67857143,55.90517241,49.16666667,33.52272727,35.29761905,41.26811594,52.23599138,40.42145594,38.73737374,44.94252874,40.46474359,53.44827586,36.20689655,56.66666667,29.11877395,72.28125,57.19047619,59.375,23.91666667,0.122119222,,,,,
31/08/2002,48.31989247,52.11693548,75.34722222,29.56989247,52.41935484,50.16666667,51.34408602,34.75073314,38.91129032,41.30434783,47.00520833,34.07407407,37.58553275,56.77777778,40.19851117,65.32407407,33.59567901,48.84792627,29.90740741,60.49395161,57.11981567,77.05645161,21.77419355,0.121247166,,,,,
30/09/2002,48.6328125,46.09375,69.0188172,35.72048611,62.77901786,48.50806452,44.01041667,39.38210227,42.7734375,38.75679348,39.54133065,22.40143369,42.1875,60.10752688,37.81550481,57.57168459,39.979092,35.56547619,31.1827957,59.609375,56.65178571,77.1484375,22.65625,0.121175885,,,,,
31/10/2002,39.23611111,52.36742424,58.82161458,49.66329966,67.58658009,51.484375,29.54545455,27.41046832,44.20995671,45.68511199,65.11230469,15.79861111,43.84756657,55.72916667,43.10897436,34.98263889,40.94328704,57.86435786,32.98611111,57.86931818,63.16017316,66.40151515,25.53030303,0.122045467,,,,,
30/11/2002,42.24877451,61.76470588,53.06186869,41.66666667,68.1197479,56.89393939,40.44117647,35.49465241,41.17647059,44.93286445,51.70454545,42.76094276,38.63636364,40.50505051,41.7138009,44.86531987,38.10325477,48.52941176,52.27272727,53.06985294,61.61764706,70.47794118,20.91911765,0.121668817,,,,,
31/12/2002,44.25595238,57.23214286,64.52205882,52.97619048,60.81632653,60.07352941,63.0952381,35.25974026,42.21938776,41.98757764,59.00735294,42.32026144,40.64935065,46.17647059,36.68956044,40.31862745,40.48202614,50.06802721,50.16339869,69.51785714,53.44897959,56.19047619,21.07142857,0.126315644,,,,,
31/01/2003,49.65277778,56.38020833,51.54761905,56.05709877,60.31746032,39.67857143,53.24074074,33.45959596,50.34722222,45.04830918,56.58482143,44.12698413,42.38215488,55.71428571,38.83547009,59.44444444,44.98677249,50.46296296,33.33333333,49.35763889,57.04365079,60.53240741,30.9375,0.124099375,720597,731006,675733,17882,8057
28/02/2003,40.06193694,48.64864865,64.17824074,52.47747748,51.73745174,44.79166667,45.4954955,18.27395577,47.75579151,40.64336075,58.89756944,50.77160494,51.31040131,55.27777778,36.36954262,50.38580247,44.49588477,71.87902188,52.4691358,50.5152027,55.55984556,46.28378378,32.63513514,0.124528126,730456,735620,682915,16246,12257
31/03/2003,24.80811404,54.93421053,64.27364865,40.60672515,27.91353383,33.31081081,55.92105263,15.81937799,45.06578947,38.1006865,38.07010135,24.92492492,49.96012759,48.73873874,40.59969636,58.93393393,43.66866867,65.35087719,73.12312312,59.49013158,61.05263158,60.0877193,29.375,0.123279184,732462,741185,686257,17676,9508
30/04/2003,43.85683761,51.16185897,63.56907895,40.5982906,30.81501832,31.25,46.79487179,52.33100233,45.00915751,37.47212932,40.78947368,48.68421053,48.75679876,56.57894737,37.5,58.99122807,43.72563353,36.63003663,85.23391813,58.00480769,59.94505495,61.64529915,26.89102564,0.126746138,750989,751153,688760,22135,20650
31/05/2003,47.44791667,40.078125,46.76816239,51.80555556,34.95535714,45.51282051,53.54166667,68.09659091,48.19196429,40.04076087,43.56971154,40.17094017,53.82575758,52.56410256,32.65625,40.70512821,36.41975309,33.63095238,48.00569801,69.7890625,51.42857143,56.25,27.03125,0.126100583,747523,752265,694835,16302,17115
30/06/2003,55.25914634,48.24695122,36.25,57.58807588,66.02787456,44.40625,52.23577236,63.24833703,49.73867596,40.8271474,57.34375,36.11111111,55.09977827,56.75,33.68902439,55.24305556,32.08333333,36.29500581,38.61111111,63.49085366,53.43205575,54.72560976,25.24390244,0.124401749,749327,750412,692710,16637,20506
31/07/2003,64.0625,60.19345238,41.2601626,56.74603175,69.3877551,61.58536585,60.71428571,58.92857143,46.04591837,41.873706,69.32164634,73.03523035,53.06637807,54.87804878,49.7481685,46.20596206,33.36720867,41.09977324,45.39295393,77.73809524,73.0952381,58.08531746,27.5,0.123498484,746860,751695,694586,18561,14482
31/08/2003,65.74612403,64.89825581,51.09126984,69.7997416,66.86046512,63.1547619,75.7751938,59.64587738,50.60215947,43.30131446,73.2328869,77.91005291,61.52219873,46.11111111,60.14087657,37.00396825,36.01190476,54.76190476,47.35449735,66.73126615,81.74418605,52.95542636,38.45930233,0.122652666,748526,752935,697414,17052,14710
30/09/2003,61.57670455,54.90056818,49.56395349,66.76136364,60.51136364,75.87209302,72.34848485,54.41632231,54.26136364,49.19713439,66.49709302,88.75968992,58.84986226,50.7751938,57.29895105,40.92377261,37.84453058,62.44588745,59.10852713,72.10858586,75.34090909,49.47916667,44.43181818,0.123550148,749483,754966,697392,18674,13319
31/10/2003,68.21759259,54.44444444,61.81344697,66.75925926,73.76984127,66.96022727,65.74074074,64.19191919,60.55555556,51.17149758,61.02627841,88.13131313,59.93265993,61.74242424,55.10683761,46.24368687,37.75252525,74.97354497,48.23232323,65.97530864,74.58730159,50.55555556,38.02222222,0.124397189,755817,759826,703460,17470,15277
30/11/2003,65.55183946,58.49184783,60.0462963,61.5942029,51.4363354,71.30555556,60.32608696,70.84980237,62.69409938,51.31143667,63.95833333,80.12345679,67.91831357,61.25925926,52.04849498,52.34567901,38.46707819,64.54451346,65.30864198,51.37077295,74.73602484,56.92934783,41.56521739,0.125261566,766020,769002,713334,17880,14973
31/12/2003,66.26432079,58.97606383,71.15036232,69.06028369,56.23100304,74.23913043,61.17021277,79.2794971,64.68465046,53.2839963,64.67391304,80.9178744,65.95744681,65.72463768,56.04541735,65.51932367,35.38647343,65.60283688,58.33333333,67.1749409,79.16413374,58.5106383,46.85106383,0.126891067,773171,787769,724187,18710,11054
31/01/2004,76.54246795,50.84635417,68.43971631,58.04398148,64.54613095,76.03723404,72.04861111,87.78409091,67.29910714,55.03849638,58.47739362,62.41134752,66.69823232,57.09219858,49.36899038,57.68321513,38.55397951,69.54365079,64.12529551,62.87037037,70.05952381,50.21701389,31.66666667,0.125813053,761299,768087,710647,16752,13906
29/02/2004,65.22762951,46.68367347,65.99392361,51.70068027,59.32944606,72.83854167,59.86394558,62.96382189,64.6319242,55.75643301,51.07421875,76.73611111,62.80148423,61.73611111,46.60518053,46.49884259,42.93981481,66.6180758,65.74074074,61.09410431,68.49854227,48.85204082,32.37609329,0.12349394,759241,769153,714588,16336,8960
31/03/2004,64.07692308,44.4375,70.87585034,54.27777778,58.85714286,54.18367347,72.33333333,66.77272727,70.58928571,62.35869565,55.97895408,67.34693878,68.21212121,59.93197279,47.60576923,53.1462585,44.49347306,75.19047619,54.76190476,59.23888889,66.42857143,33,29.01428571,0.123357193,767730,774813,716136,16611,14617
30/04/2004,55.29788839,56.18872549,55.85416667,65.11437908,45.72829132,49.975,61.92810458,57.73172906,73.65196078,64.30093777,67.875,84.44444444,69.60784314,65.53333333,63.40497738,37,43.72072072,78.24463119,56.55555556,72.09694989,78.22128852,36.2745098,34.66386555,0.124864176,782170,775395,718687,16902,26465
31/05/2004,48.29881657,53.60576923,67.03431373,53.0982906,53.50274725,63.55392157,70.67307692,46.67832168,77.1978022,68.04974916,68.24448529,73.52941176,73.80536131,57.32026144,69.11057692,43.54575163,46.19325208,86.58424908,62.20043573,77.42521368,83.20054945,59.375,40.86538462,0.123504696,780924,778787,723891,14979,21467
30/06/2004,49.61901306,49.88207547,71.39423077,36.66142558,36.05121294,61.73076923,47.79874214,61.27787307,77.24056604,64.69442166,67.47295673,80.02136752,71.44082333,63.3974359,72.38751814,51.36217949,52.31288981,76.63971249,85.04273504,74.39203354,84.94609164,62.02830189,45.64690027,0.125103965,790297,790266,733183,17399,19260
31/07/2004,51.78062678,45.25462963,56.80031447,44.67592593,52.21560847,51.58018868,63.27160494,67.17171717,72.40410053,59.73228663,43.29304245,65.82809224,69.55667789,48.6163522,68.11787749,59.53878407,53.28913819,57.49559083,78.82599581,67.71604938,80.8994709,49.84567901,46.9973545,0.123979352,784069,788646,734377,14616,14786
31/08/2004,53.39160839,38.80681818,63.54166667,36.66666667,32.24025974,69.05092593,52.12121212,62.66528926,71.13636364,59.04150198,51.85185185,56.6872428,68.07162534,61.54320988,58.08566434,60.41666667,50.70904238,52.16450216,59.67078189,65.04040404,73.42857143,54.73484848,45.55844156,0.123685963,784135,792512,735513,14387,12545
30/09/2004,50.65247253,40.84821429,59.24242424,41.31944444,50,51.65909091,70.38690476,58.74594156,73.4375,59.55939441,57.91193182,56.86868687,64.58333333,55.81818182,59.23763736,62.8030303,45.24979525,45.40816327,56.56565657,74.21130952,71.69642857,58.96577381,45.30612245,0.124985714,791480,801104,738652,15925,14713
31/10/2004,49.66261808,32.75767544,66.14583333,37.45126706,42.23057644,58.61607143,77.92397661,40.01196172,74.1697995,64.11136537,51.89732143,58.73015873,63.10473153,61.8452381,56.96693657,50.32242063,43.22715573,64.28571429,54.26587302,64.20565302,69.27318296,46.23538012,43.4085213,0.125100674,794806,806259,742431,15485,14309
30/11/2004,49.03846154,35.31788793,74.61622807,47.43773946,52.55541872,44.95614035,73.99425287,47.59012539,73.24507389,61.97526237,63.13048246,70.46783626,50.49634274,64.26900585,63.56929708,57.21247563,50.41883989,48.44006568,90.05847953,61.75766284,69.81527094,53.55603448,44.17487685,0.126628984,810595,821324,754296,14916,17355
31/12/2004,53.94393742,34.98411017,69.88146552,51.95386064,51.27118644,67.99568966,82.06214689,65.90909091,72.01876513,63.1816507,41.02909483,77.49042146,54.77657935,58.10344828,64.21936115,43.84578544,55.25784405,59.68523002,91.95402299,68.08851224,70.73849879,52.82485876,44.9031477,0.125737426,806618,829567,758356,16010,6989
31/01/2005,47.93269231,32.421875,86.65254237,46.80555556,47.38095238,73.0720339,56.94444444,51.96969697,69.33035714,63.86775362,59.87817797,83.05084746,57.14646465,47.40112994,64.51923077,45.03295669,50.40464193,49.44444444,83.42749529,70.35185185,71.13095238,50.03472222,44.01190476,0.127223945,801223,817843,747377,14455,14454
28/02/2005,51.30832282,32.63319672,78.69791667,47.72313297,51.63934426,49.8125,64.48087432,54.24739195,78.29332553,69.13756237,52.39583333,85.46296296,59.93541977,53.27777778,67.11065574,40.71759259,46.47897898,52.10772834,72.59259259,71.19307832,72.89227166,54.4057377,51.49882904,0.125629843,808079,816674,753820,13512,14880
31/03/2005,50.94602978,35.50907258,86.01434426,40.32258065,49.42396313,58.07377049,52.28494624,48.68035191,76.13767281,65.67321178,64.54918033,86.15664845,65.6402737,53.93442623,74.97673697,36.49817851,47.28252843,65.20737327,57.92349727,71.73835125,78.04147465,62.46639785,56.38248848,0.12495742,813123,819342,755240,14267,17471
30/04/2005,42.96398046,32.51488095,78.02419355,50.68342152,39.71088435,55.98790323,79.1005291,35.60606061,75.93537415,66.84782609,46.39616935,76.70250896,64.28571429,52.31182796,69.13156288,54.81630824,53.52368498,67.80045351,70.43010753,71.27865961,72.99319728,67.69179894,57.43764172,0.125343548,812875,821546,754397,15162,16397
31/05/2005,39.97896635,28.83300781,70.28769841,49.39236111,44.50334821,34.28571429,49.08854167,39.89701705,75.43247768,67.63756793,50.43402778,82.62786596,61.24526515,64.39153439,60.69711538,58.70811287,57.47890748,53.34821429,61.24338624,70.04340278,67.66741071,40.65755208,55.49107143,0.125827579,814407,824201,757385,14215,15393
30/06/2005,53.57988166,25.43269231,60.87239583,54.05982906,45.54945055,42.7734375,69.23076923,52.18531469,78.66758242,71.59698997,49.19433594,64.40972222,55.8041958,56.19791667,55.30325444,53.58072917,47.65625,42.30769231,42.64322917,63.53846154,63.93406593,38.79807692,52.12087912,0.125012409,815397,828049,763380,12787,11585
31/07/2005,58.50815851,26.32575758,69.08653846,59.40656566,55.81709957,49.03846154,81.06060606,54.68319559,81.4258658,76.25988142,58.90625,74.78632479,54.84389348,53.58974359,66.91433566,40.85470085,43.41649342,43.29004329,39.83974359,61.44360269,68.73376623,44.98106061,54.5021645,0.125343133,817228,831738,762860,13465,12768
31/08/2005,46.57003444,19.44962687,56.91287879,62.43781095,55.8901919,51.79924242,74.50248756,42.84260516,82.02292111,76.55743024,56.73532197,67.42424242,57.32700136,64.19191919,68.9293915,57.61784512,46.02784603,57.24946695,53.91414141,61.09038143,70.35181237,43.12810945,56.37526652,0.126328901,826716,835688,765723,14714,17516
30/09/2005,25.38178733,27.75735294,56.09452736,60.15114379,45.24684874,49.60820896,61.8872549,12.03208556,76.39180672,70.86796675,49.07882463,75.45605307,52.00534759,65.12437811,71.32352941,50.04145937,49.39491731,83.71848739,62.99751244,56.33986928,70.42016807,42.03431373,53.82352941,0.125912186,829633,833478,768059,13041,19965
31/10/2005,25.5574136,24.86413043,39.93566176,63.44605475,45.19927536,39.26470588,51.57004831,13.0599473,74.23654244,64.93383743,50.94209559,83.49673203,49.91216513,65.14705882,79.29208473,56.29084967,54.79597244,63.83712905,71.07843137,50.99838969,74.34782609,44.41425121,56.873706,0.124379967,825725,835760,769127,13782,13619
30/11/2005,40.74175824,29.82142857,51.32850242,59.92063492,37.61160714,63.33333333,52.14285714,29.91883117,76.65816327,70.10869565,37.35280797,92.75362319,49.67532468,58.50241546,80.3228022,60.72866345,54.51756104,71.53061224,64.43236715,47.41269841,78.08163265,49.10714286,61.12244898,0.125758337,835315,853380,780223,13725,11990
31/12/2005,54.50975081,20.48855634,53.85416667,60.15258216,43.72799296,47.51785714,40.14084507,53.6971831,79.46428571,71.77740355,43.61607143,83.57142857,54.84421682,60.42857143,75.33179848,62.28174603,56.1003861,46.4453387,58.54166667,40.12519562,79.82897384,39.30457746,62.16297787,0.126393455,846860,868460,794900,13266,8772
31/01/2006,51.5892094,16.796875,64.23122066,55.70987654,35.41666667,44.01408451,54.97685185,55.01893939,79.55109127,71.2182971,23.48151408,73.86541471,54.98737374,49.53051643,71.52110043,55.02738654,53.14046441,52.74470899,52.23004695,39.66049383,75.25793651,43.83680556,62.91666667,0.124911594,836476,846864,782011,14432,11303
28/02/2006,51.52792413,16.26712329,60.15625,58.10502283,39.40496575,40.85069444,55.93607306,43.08841843,79.77005871,72.24538416,40.13671875,91.82098765,50.498132,52.26851852,71.6938883,58.25617284,53.27827828,45.82517939,51.01273148,37.40487062,77.6223092,44.34931507,61.34050881,0.12495068,844136,855943,789798,12694,12703
31/03/2006,52.41683992,28.80067568,48.30194064,56.83183183,33.38260135,49.84589041,56.08108108,58.50737101,82.25144788,75.73443008,29.13099315,82.80060883,57.84193284,49.36073059,75.46777547,62.89954338,51.24028138,28.44272844,38.18493151,34.1966967,77.80888031,46.59346847,63.41698842,0.122970106,842450,854825,789999,12903,10043
30/04/2006,50.35897436,35.33333333,58.48817568,45.48148148,49.08333333,40.30405405,51.88888889,57.16666667,80.69047619,74.53623188,29.27576014,77.62762763,52.3030303,48.51351351,75.74358974,63.92642643,53.67056245,57.11111111,30.85585586,35.79259259,80.71428571,44.27777778,63.93333333,0.12361211,852540,858825,792097,13586,16625
31/05/2006,28.65637652,36.71875,57.80555556,50.27412281,32.09292763,48.78333333,63.04824561,35.52631579,72.97932331,66.8978833,22.26041667,76.74074074,60.36682616,53.73333333,76.63208502,45.33333333,49.96996997,72.18045113,34.77777778,36.04897661,83.23308271,31.19517544,65.52631579,0.125759371,856474,865650,799103,10545,15427
30/06/2006,31.39360639,28.97727273,55.11239035,51.26262626,55.29626623,40.70723684,52.92207792,31.89197166,68.66883117,63.36815359,21.40213816,35.5994152,58.12672176,59.86842105,80.47577423,58.69883041,56.32408725,59.36920223,50.60307018,36.91197691,83.79406308,29.04491342,68.57142857,0.123821927,846662,869537,795419,12365,7524
31/07/2006,29.99260355,23.71794872,54.45075758,51.90527066,46.77483974,38.19805195,55.34188034,35.02331002,64.78937729,61.97742475,18.52678571,40.90909091,57.34265734,55.88744589,75.06780079,56.45743146,58.02035802,45.78754579,51.56926407,36.78774929,81.98717949,33.36004274,69.23076923,0.123168721,845552,865854,793762,12275,8166
31/08/2006,36.63583252,22.23101266,49.26549145,38.66033755,43.39398734,46.45833333,40.71729958,36.98216341,63.03119349,61.44056136,13.28125,32.12250712,54.77560414,53.8034188,65.71324245,57.65669516,56.86070686,65.46112116,29.16666667,33.95218003,78.11030741,35.2056962,59.15913201,0.123945524,857543,867123,797084,12243,16503
30/09/2006,42.68028846,20.78125,61.56381857,50.13888889,44.84375,32.84810127,41.14583333,60.96590909,62.07589286,64.53125,13.37025316,33.05203938,50.71969697,49.66244726,57.12139423,47.96061885,55.6562892,30.77380952,46.99367089,32.54166667,69.86607143,35.61197917,56.44642857,0.123648132,851148,867396,792208,11879,15218
31/10/2006,54.60588794,18.13271605,55.48177083,46.46776406,37.71219136,62.671875,30.24691358,71.77328844,59.72222222,60.73537305,16.69921875,35.34722222,46.93228582,48.91666667,55.31220323,44.13194444,44.59459459,22.8101117,20.41666667,31.79012346,69.72663139,35.69958848,52.49559083,0.122985752,854514,871614,795584,12643,14051
30/11/2006,51.50093809,19.47408537,50.46296296,43.64837398,56.09756098,50.38580247,28.7601626,71.74334812,61.03005226,64.42868505,15.76967593,30.79561043,64.20916482,43.49794239,50.84427767,50.56584362,41.59159159,17.79907085,13.3744856,33.56368564,69.79094077,46.59552846,49.03310105,0.121776017,859183,882987,808289,12046,6918
31/12/2006,50.53290083,28.91566265,42.31453252,40.17737617,36.82228916,54.51219512,39.55823293,63.97864184,62.67211704,65.78051336,24.9523628,25.67750678,61.79262505,44.3495935,53.168443,43.90243902,36.98637662,35.25530694,22.96747967,43.89892905,73.17555938,45.90863454,47.12564544,0.122359369,870354,896729,819884,11657,5751
31/01/2007,55.3228022,35.04464286,59.96485944,60.36706349,57.86830357,34.81927711,42.65873016,71.36093074,66.41156463,68.38121118,37.45293675,50.0669344,63.36580087,54.57831325,55.88369963,49.28045515,38.20688158,37.75510204,30.57228916,45.33068783,66.37755102,45.61011905,48.30782313,0.123108254,866212,881315,802599,13264,17276
28/02/2007,56.4479638,32.27941176,51.99652778,60.94771242,41.5625,40.50595238,49.60784314,67.33957219,61.05042017,64.7314578,30.37574405,47.15608466,46.07843137,57.18253968,56.64027149,42.75793651,46.91655942,26.55462185,38.74007937,44,65.40336134,45.14705882,50.5210084,0.123262032,870826,894513,808078,12296,15958
31/03/2007,46.82468694,32.68531977,68.7622549,53.97286822,48.36482558,45.72058824,39.8255814,46.27378436,62.26121262,63.61223458,30.33088235,36.79738562,50.54615927,61.92156863,54.64557245,41.2745098,56.20031797,37.90143965,45.88235294,45.62015504,63.34717608,49.24903101,48.67109635,0.120587803,865655,892047,807379,12134,11251
30/04/2007,42.36295314,46.08477011,60.52567829,62.05300128,51.04166667,44.56395349,35.91954023,35.5276907,53.70484401,62.26886557,25.0090843,55.74935401,49.00731452,62.20930233,52.71330681,55.02260982,58.32285774,55.52818829,56.25,45.6449553,66.94581281,49.85632184,47.55336617,0.122005959,878386,896732,808521,19171,15679
31/05/2007,50.60096154,55.59303977,76.18534483,56.92866162,41.56605114,34.41091954,46.875,47.7143595,56.96022727,63.11758893,30.8908046,17.81609195,47.72727273,55.28735632,57.22792832,38.29821201,60.41731387,52.75974026,65.3256705,44.26767677,67.28084416,53.40909091,49.96753247,0.121510896,873982,897016,815146,11562,11827
30/06/2007,50.85350043,57.86516854,68.02793561,66.18289638,52.89676966,43.09659091,28.74531835,40.84525026,54.33386838,59.0803615,23.06463068,35.66919192,46.59516513,54.12878788,63.596586,45.59659091,55.86097461,46.17442483,62.12121212,44.36953808,70.91492777,51.50983146,54.68699839,0.119390192,868548,889013,812319,10747,9669
31/07/2007,47.47863248,42.95138889,59.11750936,54.47530864,26.31944444,44.5505618,29.90740741,60.02525253,52.39087302,53.01328502,24.03441011,39.95006242,43.01346801,46.85393258,65.8707265,42.79026217,56.3670412,60.42328042,56.41385768,44.7654321,71.16666667,49.83796296,53.3968254,0.11908664,866471,891925,813676,11794,5655
31/08/2007,34.65765004,55.21978022,53.4837963,55.75396825,37.39697802,49.59722222,37.27106227,36.66333666,43.67150706,50.60917344,17.59548611,30.80246914,56.07725608,45.81481481,59.41462384,47.20679012,56.78178178,40.68550497,62.5462963,39.26434676,70.47880691,45.51282051,50.21978022,0.118578157,876037,892485,812431,12122,14761
30/09/2007,36.72658863,59.90149457,44.57417582,63.75301932,38.63790761,41.67582418,41.57608696,32.02816206,44.10908385,53.42627599,15.04120879,38.64468864,54.80895916,53.07692308,52.71216555,59.05067155,53.37590338,44.22877847,38.94230769,28.93417874,66.00931677,44.63315217,41.73136646,0.121483851,889081,896655,812034,11919,27738
31/10/2007,29.83870968,58.06451613,48.91304348,34.82676225,51.71370968,44.18478261,43.01075269,20.57673509,45.96774194,53.83941094,13.18783967,25.9057971,54.38253503,57.35507246,48.10794045,52.7173913,55.56698002,38.4280594,56.45380435,29.43847073,59.07834101,44.17562724,37.25038402,0.119933795,879508,903731,815291,11779,13832
30/11/2007,26.40139116,51.13031915,39.31451613,39.73108747,42.90226064,42.15053763,52.83687943,14.16827853,51.71922492,55.66604995,23.26948925,26.28434886,46.30883301,55.94982079,42.55319149,54.28614098,60.71393975,61.98074975,67.60752688,34.43853428,53.32066869,41.82180851,33.60942249,0.118003487,879380,906070,820932,11584,7582
31/12/2007,25.24291498,47.46710526,50.73138298,37.36842105,42.20394737,33.05851064,42.54385965,20,48.43984962,55.37185355,27.47672872,58.80614657,46.55502392,65,44.12449393,58.03782506,69.48917002,69.49874687,80.67375887,36.34502924,60.65413534,41.80921053,31.42857143,0.118401137,884835,921133,829054,11533,4245
31/01/2008,27.21354167,67.578125,45.07675439,34.86689815,41.015625,51.52631579,37.5,18.75,44.95907738,54.68183877,16.74342105,33.4502924,49.90530303,61.78947368,36.40825321,70.90643275,68.47321005,56.07638889,77.25877193,34.95949074,49.27827381,43.04470486,16.91964286,0.120369603,895152,902905,811310,12171,31732
29/02/2008,21.31245044,63.04768041,47.67795139,50.3722795,44.34600515,26.61458333,17.61168385,15.10074977,40.81369661,51.23823398,21.12630208,24.76851852,49.82817869,57.8125,42.28786677,59.78009259,72.33014264,56.50466372,79.38368056,35.7416953,58.96907216,43.23453608,14.22680412,0.117599085,886094,913010,816523,12222,15732
31/03/2008,19.23076923,66.16709184,30.88487973,38.74716553,38.63201531,35.52835052,23.04421769,8.383580705,38.37463557,47.67080745,29.13981959,7.560137457,51.54607297,49.45017182,38.81475667,43.57101947,66.58772174,68.70748299,71.99312715,40.96938776,59.803207,37.26615646,11.71282799,0.115449957,887843,913855,817662,12197,14810
30/04/2008,17.5990676,72.08017677,24.93622449,45.08978676,40.37247475,17.78061224,25.16835017,5.658861341,36.68831169,44.17545015,27.49521684,9.013605442,51.97428834,50.17006803,44.11907537,51.2329932,65.51296194,83.38143338,81.20748299,33.45679012,70.76479076,36.73190236,18.60750361,0.115649611,882438,909070,814032,12437,14072
31/05/2008,22.67307692,71.46875,19.39183502,37.23611111,41.25,29.50757576,36.25,10.56818182,32.27678571,40.9673913,29.67171717,13.97306397,55.22727273,53.16498316,49.25,59.25925926,62.74001274,82.73809524,75.67340067,38.36111111,76.17142857,33.85416667,24.03571429,0.117407499,901416,918034,824779,11885,21746
30/06/2008,16.76504189,73.79331683,13.85416667,36.35863586,28.6355198,27.4625,42.57425743,6.941944194,27.69625177,38.97438657,25.25,42.11111111,58.38583858,59.76666667,53.15594059,64.33333333,64.5,92.47996228,79.45833333,37.28822882,81.33663366,32.76608911,31.11032532,0.115796461,886408,921653,825033,11607,6804
31/07/2008,20.93702866,66.66666667,15.20214521,48.69281046,42.15686275,34.0470297,32.02614379,17.34625668,27.37219888,39.53537937,38.16522277,41.58415842,56.78847296,59.43894389,57.90441176,50.02750275,69.48086701,83.70681606,84.15841584,37.44553377,80.82633053,33.48651961,44.67086835,0.11902397,910165,931725,832539,11958,22903
31/08/2008,30.89992532,67.61225728,15.11437908,41.27562028,38.66808252,31.65441176,24.8381877,32.5353045,25.82350902,36.77712115,27.32843137,52.12418301,53.55987055,52.64705882,55.45649739,75,70.22169228,66.78224688,85.25326797,37.8425027,84.31345354,34.62783172,46.07489598,0.117865067,901881,932430,832677,12648,13219
30/09/2008,40.03328402,75.78125,8.980582524,36.91239316,40.59495192,45.13349515,7.852564103,49.48645105,23.30872253,30.88942308,29.38410194,19.30960086,49.63578089,43.52750809,51.79363905,65.76321467,70.16968425,42.92582418,79.24757282,29.89049145,69.38186813,35.5068109,45.95467033,0.154019006,1155939,1158693,836338,187139,87920
31/10/2008,21.26373626,80.25297619,1.342147436,29.04761905,33.66071429,45.34855769,3.412698413,25.58441558,19.43877551,28.84057971,31.18990385,3.792735043,50.38961039,35.22435897,56.6025641,71.98183761,63.88167013,22.87981859,68.22916667,28.66137566,75.43537415,36.07142857,37.15646259,0.249214689,1908922,1583829,860475,585724,419748
30/11/2008,21.15384615,74.89681604,4.801587302,34.77463312,30.98466981,29.17857143,0.864779874,27.9373928,15.22911051,26.09208368,23.00595238,0.582010582,38.99371069,27.84126984,48.17216981,76.81216931,52.61690262,15.2066487,40.35714286,25.11792453,52.62803235,37.81446541,32.16307278,0.262804551,2041133,1534301,871879,511018,606593
31/12/2008,26.90510424,61.39018692,9.178459119,29.60799585,35.76226636,26.53301887,1.012461059,25.46728972,11.49866489,23.85209265,20.68838443,0.471698113,36.42027754,32.54716981,40.18691589,71.71121593,43.85942546,8.967512239,23.78144654,29.90913811,48.97196262,40.14797508,13.06408545,0.270588932,2185611,1418363,889898,392421,855599
31/01/2009,31.54380342,64.19270833,10.02725857,34.52932099,38.03530093,21.61214953,4.62962963,35.86910774,9.449404762,23.53562802,24.89047897,0.46728972,30.20482604,21.96261682,39.84152422,64.03167186,39.35758188,15.03527337,20.09345794,25.94135802,57.50661376,39.72800926,10.42328042,0.233631559,1891727,1228150,888375,219472,735791
28/02/2009,30.28405081,69.7391055,5.054012346,32.77268094,48.6668578,30.69444444,6.880733945,22.13302752,10.10812582,21.42999601,22.71412037,2.00617284,25.2293578,19.59876543,41.42554693,56.19855967,36.48231565,18.58890345,14.27469136,25.03567788,57.36566186,43.34862385,8.368283093,0.230646039,1885644,1256657,898776,240359,696700
31/03/2009,27.10664336,63.83522727,3.78440367,61.71717172,45.05681818,24.0940367,8.03030303,23.11983471,7.532467532,19.2687747,29.62299312,2.344546381,16.72176309,25.04587156,45.19667832,62.2961264,37.28820564,22.20779221,15.48165138,28.23484848,50.33766234,41.10795455,8.681818182,0.245837773,2042768,1291169,903207,267313,818026
30/04/2009,42.91406791,68.66554054,9.772727273,65.17767768,59.52984234,26.82954545,5.405405405,60.73914824,8.317245817,18.64962789,26.66193182,2.171717172,16.96696697,19.84848485,41.63634789,70.68181818,39.43898444,16.70956671,15.71969697,28.74374374,49.88416988,41.00037538,10.01930502,0.246703783,2036659,1295514,903217,269553,808429
31/05/2009,51.33070055,72.82366071,9.403153153,65.36458333,46.38671875,41.40765766,9.375,72.98092532,10.73820153,19.38082298,40.52646396,5.705705706,14.90800866,16.06606607,44.74158654,66.05355355,35.43137732,30.56972789,14.71471471,37.74801587,57.42984694,42.68973214,11.49872449,0.2469722,2052899,1243752,910259,217651,875026
30/06/2009,58.40707965,74.43307522,7.979910714,68.31366765,62.40320796,45.79241071,28.76106195,72.49597747,12.48419722,19.76721816,47.11914063,5.109126984,19.85787074,28.60119048,49.59581348,77.77777778,32.92712355,54.23514539,15.77380952,39.5993117,73.77370417,45.09587021,10.09481669,0.241555338,1991506,1322683,907603,290287,740764
31/07/2009,58.29959514,70.70997807,13.82743363,74.15935673,48.14967105,48.46238938,28.58187135,62.4800638,13.3693609,18.21605645,50.97483407,7.915437561,21.57097289,28.87905605,43.31983806,75.33185841,37.62656462,42.79448622,45.68584071,43.41130604,66.79824561,45.43128655,9.028822055,0.238647759,1972546,1296556,910860,265598,742000
31/08/2009,58.14381271,67.85326087,26.53508772,70.02415459,67.02445652,46.20614035,43.69565217,54.92094862,15.01552795,19.46597353,55.57839912,20.32163743,18.32674572,39.79532164,41.58026756,72.40497076,35.42358148,47.01863354,26.09649123,40.95652174,63.60869565,59.34782609,10.57763975,0.247938232,2044962,1255792,910729,221106,857298
30/09/2009,62.70722812,65.32866379,44.08514493,66.25957854,54.91648707,48.2173913,26.93965517,64.9588558,17.60314039,22.11862819,53.87228261,17.0531401,19.20062696,41.07246377,37.09797745,64.22705314,35.75793184,34.21592775,42.08333333,42.97413793,59.78448276,63.41594828,13.0726601,0.256090654,2110107,1334150,913791,294487,844870
31/10/2009,63.97928994,63.78205128,59.32112069,46.39126306,64.31623932,55.24784483,32.54985755,62.88850039,17.91056166,23.19769602,54.48545259,15.85249042,20.81067081,36.29310345,36.28369494,60.83572797,35.54287046,43.71184371,29.23850575,45.87844255,61.81318681,62.9451567,14.31623932,0.257091856,2134588,1119483,915127,78360,1079552
30/11/2009,57.5619296,60.64618644,61.12001425,64.90112994,60.23569915,51.10042735,27.82485876,50.64522342,21.35290557,25.03684598,52.88461538,24.54890788,25.28248588,41.05413105,33.60902868,60.79059829,39.05828906,47.51815981,41.77350427,41.63841808,60.06053269,64.53036723,12.34261501,0.258886243,2186185,1079158,923414,35202,1165511
31/12/2009,57.77310924,67.66018908,59.28672316,54.47012138,40.53308824,45.78389831,40.96638655,59.42513369,21.8937575,25.10960906,44.12076271,25.28248588,24.35701553,42.11864407,41.70572075,64.17137476,42.24690792,36.63465386,51.62429379,45.21475257,68.06722689,66.40406162,14.44777911,0.261497021,2201999,1250235,930087,186888,1022215
31/01/2010,62.8125,61.3671875,62.00105042,59.75694444,53.93229167,49.64285714,29.16666667,65.37878788,28.57142857,28.41938406,39.0625,32.44631186,28.13131313,53.24929972,39.45112179,58.15826331,40.16579605,53.27380952,57.73809524,42.46759259,60.80952381,66.69270833,17.17857143,0.266479887,2227158,1176994,918644,138366,1107959
28/02/2010,60.02860776,62.31921488,75.04340278,46.02846648,44.05991736,53.76041667,27.75482094,56.7054846,30.60064935,28.17553,44.00390625,29.53703704,44.23991986,50.36111111,41.84678957,65.33564815,41.61786787,45.94647776,70.45138889,38.70523416,60.23022432,58.28168044,16.90082645,0.268081798,2267995,1078397,932443,26035,1246161
31/03/2010,60.71090794,63.67827869,70.73863636,42.83925319,66.62397541,53.70867769,45.21857923,54.44299553,39.16129977,34.80488239,47.9338843,45.13314968,50.36015897,48.40220386,42.88697982,50.70018365,37.80433326,63.05620609,49.1046832,36.35245902,69.60772834,60.31420765,16.56323185,0.269011147,2287284,1294506,934589,240316,1050544
30/04/2010,58.93527205,60.39126016,80.13148907,61.05465221,51.10518293,44.31352459,46.13821138,54.37915743,45.18002323,38.99346059,51.03099385,54.50819672,50.44345898,58.27868852,44.82879925,61.60063752,38.16644513,64.47928765,61.16803279,32.96296296,77.87456446,60.89939024,17.82810685,0.272696286,2314393,1323122,936081,265267,1045373
31/05/2010,60.8560794,53.78024194,73.62804878,58.33333333,48.39969758,56.8902439,41.86827957,61.64772727,50.37442396,44.15322581,62.41107724,66.16982836,58.72434018,60.40650407,41.07862903,57.5203252,35.43909763,69.48924731,51.47357724,41.03494624,49.97119816,59.1733871,18.05299539,0.271133634,2314052,1287267,940655,221039,1084944
30/06/2010,59.33076923,46.75,89.27251344,59.8,39.875,57.82258065,29.53333333,47.92727273,52.33571429,44.80434783,30.61365927,42.87634409,60.06060606,60.45698925,38.60769231,46.49417563,32.67582098,53.02857143,49.27755376,42.91777778,42.70285714,56.625,19.16,0.271790324,2302616,1400010,945131,319936,969830
31/07/2010,46.29884005,46.82539683,88.85,34.81040564,39.60813492,59.3,34.92063492,37.24747475,52.71400227,42.84851622,24.45625,34.62222222,58.67003367,54.05333333,37.42368742,54.25555556,29.30810811,48.79062736,29.95,41.43518519,47.6814059,56.09292328,17.42630385,0.271810031,2303623,1315913,944307,240723,1048351
31/08/2010,42.69382193,41.73228346,86.73115079,34.26290464,46.55511811,49.99007937,33.00524934,38.60057266,56.03205849,43.88907908,22.24702381,20.85537919,60.98783107,53.51851852,35.13022411,48.2473545,30.31960532,46.49418823,33.25066138,38.07961505,45.56805399,54.83923885,16.22609674,0.267420509,2279171,1289414,947306,212763,1050872
30/09/2010,40.36959135,40.28320313,79.70800525,31.45616319,40.13671875,48.20866142,35.22135417,28.32919034,57.87527902,42.2766644,31.76673228,29.26509186,60.65340909,54.9343832,35.49053486,55.50087489,31.62729659,44.27083333,35.33464567,30.01302083,48.40401786,54.80957031,15.97098214,0.266608793,2270414,1356071,954822,265088,981713
31/10/2010,47.22719141,41.71511628,75.04882813,46.57622739,56.77083333,53.99414063,45.54263566,36.2931642,58.49252492,47.99882036,34.46655273,41.05902778,60.25369979,55.28645833,34.90980918,41.25434028,35.1879223,48.98486526,44.7265625,32.9414298,44.56810631,55.65245478,14.04208195,0.26423061,2278980,1326381,963402,237066,1008150
30/11/2010,54.51923077,50.33653846,66.15794574,39.93589744,53.17307692,58.52713178,51.53846154,46.3548951,60.3228022,48.08528428,35.26526163,45.00430663,57.27272727,59.92248062,41.89349112,43.59388458,36.3398282,54.96336996,56.73449612,32.68803419,62.6978022,55.51282051,14.13186813,0.266471724,2330670,1359856,978535,229800,1025523
31/12/2010,57.24456841,63.22757634,54.3349359,52.53392706,62.85782443,60.26923077,52.60814249,63.56696738,60.09405671,51.83786923,46.20192308,62.22222222,57.73768217,60.38461538,47.48972402,50.50213675,37.51559252,74.1912032,53.33333333,32.54452926,72.99345692,54.34160305,16.52671756,0.27210508,2400838,1441728,984951,300384,1018356
31/01/2011,61.95367133,63.8967803,69.8552799,70.61237374,59.17376894,53.04389313,53.21969697,66.73553719,57.16314935,45.6027668,48.33015267,69.21119593,59.52708907,62.0610687,47.15544872,52.23706531,39.27171446,78.53535354,65.07633588,30.09890572,73.8961039,54.33238636,17.08874459,0.277301582,2430442,1399104,976523,302513,1083958
28/02/2011,62.43493349,67.2462406,65.24621212,69.14160401,50.61090226,61.08901515,49.18546366,73.00068353,60.39205156,51.12373325,51.35535038,71.71717172,66.50717703,62.95454545,47.24190283,39.01515152,45.88793339,80.18259936,68.90782828,28.83876358,79.10311493,54.38596491,19.20515575,0.283636822,2512656,1281660,997305,156107,1290480
31/03/2011,48.40700344,66.34794776,58.61528822,67.46475954,44.62453358,62.83834586,58.20895522,41.49423338,65.13859275,53.34198572,38.04628759,79.28153718,64.99321574,61.72932331,41.36768083,47.62949039,51.59859107,95.02487562,70.02227792,31.60447761,74.84008529,52.85292289,18.70469083,0.291123593,2596618,1206783,1005388,67736,1455646
30/04/2011,46.55270655,62.73148148,60.09794776,52.64403292,42.02546296,55.52238806,52.5308642,46.48989899,69.99338624,58.01127214,43.58675373,75.91210614,65.19640853,66.19402985,39.29843305,48.33126036,55.314643,86.10229277,71.21337756,32.1563786,70.98941799,51.77469136,21.62962963,0.297599527,2674303,1281371,1013826,139437,1449963
31/05/2011,38.7655543,53.14797794,55.13888889,39.44035948,42.99172794,45.81481481,48.22303922,45.34592246,70.33219538,57.04523657,34.68171296,82.01646091,65.35204991,61.85185185,34.87697964,50.05144033,56.96696697,81.10994398,73.1824417,37.2753268,71.18697479,51.1182598,21.83298319,0.306848408,2761138,1225824,1020770,81742,1589495
30/06/2011,38.30713083,51.23175182,53.0713848,43.74493106,33.95301095,46.38786765,39.47688564,41.68878567,68.31334724,58.77499207,47.5011489,70.30228758,65.58283566,60.26960784,34.66100505,51.27655229,58.48237944,57.73375043,69.70315904,42.76966748,68.52971846,51.84002433,18.68613139,0.313447099,2838873,1285748,1027476,121840,1619732
31/07/2011,32.34392419,42.48188406,44.2290146,53.59299517,28.36277174,55.39233577,36.65458937,30.50065876,68.64001035,57.25819156,48.27782847,81.75182482,63.69126043,58.71046229,37.97380156,44.44444444,54.8135727,55.86611456,62.24655312,39.12640902,66.70289855,53.36654589,20.19151139,0.31021437,2836811,1248165,1030698,85569,1655650
31/08/2011,29.59324848,33.93660072,56.30283816,36.08113509,35.89253597,52.64492754,34.59232614,11.29005886,67.88926002,56.90100094,49.74524457,67.79388084,62.44822324,57.51207729,39.8381295,54.12640902,54.08343126,44.33025009,57.74288782,47.39408473,60.52415211,56.11510791,16.9938335,0.301873222,2789547,1304786,1037767,95285,1589305
30/09/2011,36.08516484,29.54241071,67.6558753,37.64880952,45.81473214,45.35071942,35.41666667,20.90097403,68.82015306,58.86645963,47.79676259,67.86570743,61.93722944,56.57074341,39.21703297,58.69304556,56.06001685,45.08503401,47.68185452,41.55952381,54.92346939,56.68154762,17.48469388,0.301217961,2808546,1284973,1038032,96635,1606388
31/10/2011,33.61292962,35.28368794,60.38690476,46.10914106,39.73847518,41.01785714,32.80141844,18.78626692,69.60486322,58.68794326,45.88727679,67.65873016,62.21792392,50.45238095,40.52441353,48.42261905,56.02638353,34.26207362,54.96031746,40.68360914,58.28267477,55.5998818,15.61296859,0.29814634,2804954,1300811,1043227,111468,1585459
30/11/2011,42.99160347,40.51496479,69.97635934,60.75899844,38.94146127,45.2393617,30.39906103,40.8690781,70.02640845,58.71096142,52.92553191,57.88022065,64.37259923,47.63593381,39.92416035,52.84672971,52.81132196,39.13480885,41.64696612,41.65884194,57.89738431,44.16079812,19.23541247,0.292126034,2761904,1370186,1062274,146161,1484686
31/12/2011,47.17590102,40.69055944,60.13057512,65.74397824,44.76617133,54.63908451,26.63170163,57.12015257,68.42532468,60.37549407,62.40096831,57.19874804,64.87603306,44.48356808,38.86161915,34.15492958,48.85484076,33.93273393,45.08346375,41.25679876,49.36063936,42.8030303,18.7012987,0.30069311,2877680,1399714,1076283,165149,1566640
31/01/2012,58.06623932,37.68446181,62.92977855,55.7966821,63.71527778,57.11538462,34.9537037,62.58680556,76.61210317,66.14960749,59.97049825,36.86868687,65.11994949,46.92307692,39.23611111,41.45299145,47.46109746,41.61706349,35.05568506,41.76311728,45.35714286,43.91637731,17.2172619,0.301142512,2871527,1383081,1066349,158796,1577161
29/02/2012,60.97480106,43.81465517,65.64670139,62.60536398,61.42241379,60.97222222,55.40229885,69.39655172,77.11206897,67.32383808,62.14192708,53.43364198,59.04911181,50.25462963,39.84748011,38.46450617,47.23786286,52.70935961,37.97582305,45.77011494,43.33990148,46.26436782,16.26600985,0.298754046,2878970,1361387,1091596,109326,1605136
31/03/2012,63.94889357,54.49486301,68.39798851,59.34170472,51.87285959,55.10344828,47.3173516,71.63760897,79.73948141,68.48570578,61.89655172,72.79693487,57.72104608,55.28735632,41.5404373,39.78927203,42.94812053,64.67710372,36.74329502,57.13089802,51.25733855,45.24828767,20.56262231,0.291247989,2835911,1356177,1098337,103554,1562961
30/04/2012,59.56959707,45.34438776,51.09160959,58.93801965,43.60119048,55.12842466,38.26530612,67.52473717,73.9552964,62.49260574,64.38356164,68.03652968,58.7816945,49.29223744,41.46389325,53.53881279,40.98173516,57.1590541,35.37544394,66.0808768,48.17784257,48.78826531,26.23420797,0.290962101,2815173,1383343,1100359,116637,1524277
31/05/2012,62.90280665,33.984375,55.56264172,58.0518018,42.00802365,61.11394558,26.97072072,61.98556511,71.78450772,62.41554054,61.45833333,54.04383976,59.03972154,49.77324263,42.98986486,39.69198791,38.48440277,27.3970399,29.51625094,69.16291291,43.33976834,51.01351351,26.37065637,0.288337492,2789939,1359470,1110339,83132,1523994
30/06/2012,44.29530201,33.59899329,57.48873874,41.74123788,48.26971477,55.92060811,23.32214765,45.94264796,66.10139022,57.70353078,55.0464527,29.01651652,60.66707342,43.8963964,41.78175013,51.84872372,35.01643535,27.06935123,22.10960961,73.0611484,38.26462128,52.97818792,27.14765101,0.289162484,2821229,1414878,1110178,148923,1490088
31/07/2012,44.6025641,33.11458333,62.08752796,24.65740741,37.20833333,38.4647651,19.77777778,50.27272727,60.04761905,55.5,54.79760906,19.83594333,58.43434343,41.09619687,42.26923077,42.27255779,35.26210775,35.12698413,20.1715138,71.23148148,36.82857143,50.90277778,25.35714286,0.285011113,2800904,1320537,1112038,54277,1567867
31/08/2012,42.96357616,36.68253311,51.21527778,26.58204562,38.45198675,37.975,21.96467991,46.8166767,59.41934721,57.89663115,57.546875,23.14814815,54.56552278,43.08888889,40.65524707,40,32.90690691,59.58688111,21.69135802,70.71927888,45.39735099,48.06843267,26.48533586,0.279939594,2761764,1323228,1123492,42722,1531187
30/09/2012,49.0425282,35.83470395,40.69398455,43.92361111,50.43174342,42.55794702,32.6754386,65.66238038,61.77161654,59.94708238,59.13700331,25.71743929,54.09688995,43.598234,41.8111083,39.90066225,35.65419724,48.30827068,33.60313956,68.95833333,36.25,49.17763158,26.47556391,0.277375063,2756588,1375588,1128131,92925,1470536
31/10/2012,49.06045752,43.6376634,44.25027412,41.78467683,63.09232026,47.33552632,30.66448802,77.77035056,64.41409897,61.19281046,64.93626645,27.44883041,53.69380075,43.13596491,44.55756662,36.2755848,38.51055002,40.52287582,43.18957115,67.23674655,42.87581699,45.91503268,25.14939309,0.275818182,2764872,1430221,1141971,123616,1434399
30/11/2012,47.37360853,43.30357143,40.95860566,42.82106782,65.18871753,43.48039216,38.0952381,73.51682409,65.57282004,58.36744777,65.46160131,27.74146696,39.80716253,47.34204793,40.50636863,48.67465505,39.40116587,46.2585034,42.20527717,66.65945166,37.28200371,49.68885281,26.64656772,0.276142247,2799926,1353641,1152945,41378,1539515
31/12/2012,41.94700461,50.85685484,48.44426407,45.15232975,60.65524194,33.06006494,36.07526882,40.36656891,67.95506912,62.128331,63.28632305,33.00865801,39.33528837,52.61904762,42.2735732,52.14646465,37.15631216,48.9093702,32.21500722,67.1827957,46.98156682,50.60483871,26.28571429,0.273478948,2849222,1416424,1167067,84570,1532651
31/01/2013,45.27815934,55.98958333,53.55510753,53.90847578,53.02483974,41.48387097,44.49786325,32.03671329,69.15064103,61.70568562,65.75100806,36.27240143,41.89005439,54.86021505,42.89324458,52.31182796,35.97500727,56.63919414,28.76941458,64.61538462,47.69230769,50.68108974,26.20879121,0.28893174,2952101,1405539,1156309,87568,1644994
28/02/2013,53.01410373,49.96019108,46.98851496,59.69568294,52.65724522,44.66346154,41.82590234,46.35205559,72.01433121,63.69080587,62.56510417,56.33903134,38.42887473,51.3034188,36.23093997,49.71509972,37.89270039,58.37124659,32.25308642,64.56475584,51.25568699,50.99522293,24.54049136,0.295378087,3031238,1377488,1171361,40865,1754362
31/03/2013,54.39647378,51.68117089,52.5145966,47.60900141,50.54390823,51.52866242,32.85864979,47.54746835,66.73259494,59.01898734,66.12758758,61.21726822,43.60375911,49.91507431,36.33966245,50.77848549,39.03425719,43.44484629,35.96367068,72.197609,49.19077758,48.77373418,21.97106691,0.302202257,3151777,1414707,1177717,79972,1829612
30/04/2013,48.16936208,41.90251572,60.73312236,55.93116702,36.66470126,55.44303797,23.53249476,43.38193253,66.61612758,61.01312551,60.27492089,33.19268636,41.78578235,47.27848101,32.10644178,46.46624473,32.28403287,41.6591794,27.7660572,72.04751922,43.97574124,54.00943396,21.70260557,0.314689165,3270313,1611281,1180391,275513,1749487
31/05/2013,57.39397321,59.8828125,54.20597484,50.27777778,44.67773438,49.16666667,25.10416667,64.12642045,66.23883929,62.2826087,53.31662736,15.86303284,41.32575758,43.92033543,40.54450758,42.60132774,27.42469381,41.8452381,17.23736315,75.26215278,61.27232143,52.76041667,22.75892857,0.320795277,3338435,1404023,1192294,60744,2022589
30/06/2013,56.48846495,62.17973602,48.56770833,49.41338854,27.2806677,58.8828125,28.77846791,76.81394692,72.30479148,63.70510397,56.0546875,20.79861111,38.61283644,46.77083333,46.99792961,34.78298611,25.41118421,50.73942621,18.84259259,74.48585231,70.58562555,55.11128364,24.68500444,0.329005325,3432261,1503226,1193369,159825,2017728
31/07/2013,58.28924162,62.48070988,47.37318841,56.13854595,40.06558642,58.14440994,30.4526749,78.05836139,70.79475309,61.09433709,53.34821429,15.04485852,38.43060232,49.29606625,47.91432847,44.68599034,29.55214122,44.32686655,22.30273752,70.74245542,73.26719577,52.57201646,27.4382716,0.335046526,3523050,1493292,1197437,141717,2120843
31/08/2013,51.12839614,66.24808282,40.14917695,58.4526244,29.94631902,63.65740741,27.24948875,64.27774679,70.62883436,61.71645772,50.9066358,28.25788752,41.29949805,47.79835391,47.90853318,50.04286694,32.96512887,50.17528484,23.81115684,70.59134288,75.11393514,52.50511247,29.14110429,0.340269455,3596480,1422429,1203639,64788,2264575
30/09/2013,46.61912021,62.3285061,47.46293456,58.55352304,47.28467988,61.59509202,30.43699187,52.05099778,70.3233885,64.28287381,48.64838957,25.90320382,39.98521803,44.80572597,45.57464893,54.94205862,36.71294801,51.29210221,22.0290843,61.24661247,72.87891986,53.68394309,31.44599303,0.344457072,3673485,1469642,1205957,95975,2307012
31/10/2013,44.46969697,60.71022727,50.26676829,45.58080808,45.14204545,61.05182927,39.8989899,28.76721763,69.62662338,65.49736495,43.78334604,26.01626016,39.02662994,45.91463415,44.45592287,55.91971545,35.23748395,44.90620491,16.84733514,62.1043771,67.58874459,52.15909091,33.25974026,0.352298089,3771833,1451178,1218777,53971,2434944
30/11/2013,45.2560241,54.46159639,57.23484848,54.6854083,35.8621988,47.54545455,46.38554217,31.42798467,73.31110155,68.45861708,48.28125,34.20875421,47.31653888,51.65656566,45.16931362,57.04545455,32.47740564,46.01262192,21.31313131,57.57195448,70.08175559,52.77359438,33.49827883,0.358376938,3860944,1480296,1227314,81517,2488387
31/12/2013,60.55389222,63.52919162,51.47464859,59.64737192,45.15344311,52.00301205,45.00998004,53.85819271,70.97412318,62.42189534,50.66359187,38.52074967,46.02612956,53.23293173,45.26174923,45.02175368,32.59353202,38.90789849,21.9210174,63.53792415,72.04448246,50.6237525,32.60906758,0.361971079,3923634,1624160,1238498,169603,2450730
31/01/2014,55.16581633,60.37946429,51.11651697,56.58068783,48.35379464,61.03293413,26.98412698,60.90367965,72.89540816,63.61607143,44.14296407,45.10978044,47.27633478,53.0738523,39.74489796,43.69594145,34.35234794,47.42063492,35.49567532,59.31547619,69.03061224,53.99925595,33.03996599,0.371408989,3949675,1619330,1226456,134529,2525773
28/02/2014,52.18195266,57.40569527,42.64632937,46.23602893,55.05732249,55.625,33.92504931,57.38972566,65.29480135,59.91445845,39.02529762,23.18121693,45.22144522,47.67857143,38.193153,42.32804233,34.53947368,47.32318963,44.87433862,59.63017751,72.17244294,51.59023669,33.66018597,0.373155246,3970227,1592361,1250946,47165,2610540
31/03/2014,56.15021008,59.14522059,50.73348126,49.02777778,56.92095588,46.79733728,49.06862745,56.65775401,72.57352941,67.0140665,34.21320266,36.16042078,50.86452763,47.83037475,38.3907563,46.73816568,33.86276342,55.28011204,42.74600044,63.12581699,75.05042017,54.43014706,35.28151261,0.373559132,4072302,1658928,1268316,130773,2611169
30/04/2014,63.27798663,58.39729532,61.18872549,49.39083821,54.69663743,49.89705882,57.65107212,69.76342371,75.6735589,70.30256801,42.03125,44.70588235,51.19617225,53.70588235,38.89933166,43.67647059,38.9628483,66.19326093,46.48148148,57.21247563,81.21553885,50.52387914,36.7251462,0.382510239,4013610,1824671,1272401,163827,2514438
31/05/2014,58.20701827,55.44149709,65.42397661,46.53585271,58.54832849,54.3128655,55.03875969,58.64825581,78.85174419,68.97750253,46.75164474,59.06432749,45.78928823,54.4834308,35.54609635,33.32602339,39.1351185,54.56810631,45.96058046,63.11531008,70.49418605,49.18846899,36.14202658,0.384191516,4087516,1688424,1281809,64720,2677298
30/06/2014,54.01527663,56.82803468,61.42805233,43.85035324,59.97109827,63.2994186,55.78034682,54.59800315,79.49009083,73.26903745,45.06722384,68.34625323,42.18777369,53.6627907,34.66350124,47.15116279,46.8380253,53.38563171,38.49052541,64.80411047,68.92650702,50.01806358,34.28571429,0.385110596,4189066,1783754,1280115,217354,2628055
31/07/2014,51.14942529,60.37176724,54.31719653,49.58492976,59.75215517,56.66907514,58.18965517,57.82392894,81.19868637,73.8005997,44.70736994,66.73089274,41.97143852,55.62620424,37.84688013,52.50722543,43.13457053,53.21565408,36.16998501,62.96296296,69.43349754,47.94061303,36.14942529,0.387761411,4221381,1664319,1285953,87083,2785792
31/08/2014,57.23979592,56.17857143,66.98994253,63.02380952,65.07142857,61.35057471,67.71428571,63.0974026,81.60714286,74.05900621,54.18013649,59.73818646,37.0995671,58.63984674,35.82653061,43.24712644,43.03791087,41.36054422,30.32141337,63.88253968,63.30612245,60.21428571,35.24489796,0.387731014,4175256,1678864,1290223,43521,2778394
30/09/2014,57.49797078,59.20632102,51.10119048,53.93781566,53.17826705,54.56428571,50.56818182,60.4338843,81.6304789,72.61919466,52.52678571,67.49206349,35.39084022,64.20952381,37.94439935,33.19285714,39.11278195,29.36958874,29.66137566,57.25694444,67.32954545,50.74573864,40.14204545,0.38938907,4240897,1795436,1289181,181770,2707185
31/10/2014,58.77219532,51.91560734,46.63233902,50.79252982,52.33933616,50.11363636,59.13370998,75.25680534,82.28914447,74.46266274,58.77574574,60.41666667,35.961308,56.38257576,37.6614205,43.65767045,37.52492026,39.02340597,25.48400673,61.54739485,55.02017756,49.72928437,40.5165456,0.389292693,4293766,1903181,1299185,304029,2627273
30/11/2014,62.63543339,49.24508427,42.86723164,52.02091136,56.29389045,59.7740113,46.8164794,70.21195097,80.74839486,76.53578407,52.28637006,60.26365348,38.24480763,58.173258,38.13202247,36.69491525,38.84428586,32.03584805,23.34170329,63.42072409,60.1565008,41.87734082,41.74558587,0.387369371,4278152,2050330,1317434,418089,2479295
31/12/2014,59.04828412,48.22800279,63.16713483,50.18621974,54.5478352,59.70505618,42.22532588,78.81538852,79.20490822,77.03424824,55.04301264,58.42696629,38.86067378,51.1423221,36.17517957,37.82303371,37.30041396,42.20537377,19.88139825,65.91713222,56.75977654,41.85288641,39.58499601,0.381160857,4031614,2163456,1342957,249014,2377995
31/01/2015,64.24603175,36.75347222,56.48277467,36.8132716,44.10590278,70.56564246,33.84259259,85.47348485,74.56845238,75.66123188,57.55499302,45.716946,40.11784512,48.84543762,33.46428571,21.40363128,35.52876605,33.28042328,15.50796607,64.81790123,40.22222222,41.86921296,37.0515873,0.385042097,4262582,1881497,1330113,207630,2662575
28/02/2015,53.62569061,46.69371547,47.96875,36.19551872,34.52175414,55.06944444,31.53775322,78.79206429,77.20501184,77.94859476,58.57638889,36.75925926,35.75255316,45.72222222,36.24112076,29.03472222,32.11988304,38.70034202,13.67283951,66.58993247,47.71112865,44.7053407,37.39542226,0.378613802,4224439,2183613,1351285,462400,2346998
31/03/2015,50.29434851,39.01957418,31.76220074,39.56807082,56.12122253,54.3301105,36.76739927,74.21328671,72.8021978,71.4673913,52.57251381,32.4432167,37.55411255,47.71639042,34.94701727,28.32872928,32.86323544,34.98168498,13.39267444,72.50610501,48.15149137,41.84409341,35.62794349,0.374303747,4245824,1786869,1357531,86034,2737802
30/04/2015,51.38075722,53.31284153,33.29899267,50.69823922,60.9375,44.71153846,43.26047359,61.10904123,73.19476971,74.2961511,50.48076923,29.88400488,36.95148203,52.50915751,35.82747853,41.05082418,31.3283208,33.15118397,13.52258852,71.80327869,53.92271663,42.74817851,29.3559719,0.376944067,4266029,1934848,1360720,258650,2581067
31/05/2015,46.26843944,52.47961957,30.15141166,45.65972222,57.36243207,48.47677596,47.14673913,56.81818182,73.40353261,76.13716919,65.21089481,30.32786885,34.69202899,52.95081967,39.50698758,40.79918033,37.65219059,50.1552795,13.81299332,72.12258454,65.7181677,43.18387681,28.52484472,0.375670597,4229572,1971289,1369793,257604,2536919
30/06/2015,52.07528958,58.51351351,25.82087862,43.72372372,37.84628378,59.39538043,40.72072072,68.36609337,69.39671815,74.0893067,61.57438859,34.2089372,35.38902539,54.72826087,43.84169884,40.95108696,37.01849733,44.24710425,22.49396135,72.33483483,68.45945946,49.40315315,30.82625483,0.375897292,4250322,2046209,1365481,325837,2493529
31/07/2015,47.73425499,53.52822581,21.73986486,40.57646356,57.12365591,46.02027027,54.1218638,47.80669599,73.6703149,76.45804114,64.71283784,32.58258258,34.25382861,54.21621622,45.56835637,37.08783784,36.89900427,52.86738351,30.92092092,71.67562724,65.45698925,49.47356631,35.31490015,0.375018185,4287912,1897593,1372825,217098,2632830
31/08/2015,47.67475172,51.88836898,37.13037634,42.41681521,56.25835561,50.48387097,45.45454545,61.15094798,68.93143621,71.42815624,54.4984879,43.04062127,42.2459893,57.3297491,45.97975554,41.65994624,40.56781739,38.12070283,39.94424532,68.03178847,55.0381971,50.07798574,31.92513369,0.370241168,4288124,1814836,1378344,139242,2705163
30/09/2015,36.86835106,44.06582447,40.07909982,36.40661939,46.21841755,41.4171123,31.33865248,52.94970986,67.7906535,70.36308973,56.96858289,45.54367201,39.90973565,50.67736185,43.69490881,38.77673797,35.83825875,39.52634245,25.87641117,66.34899527,53.15729483,52.9864805,32.43920973,0.371078368,3887969,2331394,1387621,237215,2197657
31/10/2015,38.94085412,45.55224868,37.51662234,49.3239271,45.39517196,52.41356383,22.5308642,59.58393458,67.78155707,70.08569128,54.47972074,29.16666667,39.87493987,46.79078014,44.7297808,40.53856383,33.01138485,36.60871756,13.7214342,67.22516167,53.93424036,53.125,35.40816327,0.369699832,4189507,1866129,1395049,60961,2668187
30/11/2015,39.69454887,45.11513158,29.40917108,46.22807018,32.55756579,51.13756614,21.31578947,51.11244019,64.85432331,70.48627002,48.99140212,20.66431511,37.18500797,39.52380952,47.71616541,45.68783069,32.80887404,40.13784461,12.31628454,64.37865497,58.92105263,45.88815789,34.11654135,0.363518025,4230531,1947362,1410740,178926,2574961
31/12/2015,40.05235602,45.54973822,23.24561404,38.77981385,46.76865183,47.84210526,24.30191972,43.22941456,71.43792072,74.65001138,58.36759868,18.2748538,37.14897668,38.68421053,48.91922214,42.38157895,34.00277008,40.61331339,11.35477583,70.17452007,63.39940165,45.29886562,32.41585639,0.359960767,4033461,2323299,1426172,351987,2208681
31/01/2016,42.40141369,31.02213542,20.97513089,49.44299769,44.34407552,38.56675393,26.82291667,45.78006629,67.14099702,69.52841938,55.19060864,24.72367656,38.73106061,40.78534031,48.34449405,51.98298429,31.09212823,34.5610119,10.77176653,65.49623843,60.81845238,45.33420139,26.99776786,0.3608018,4218416,2128254,1413558,359991,2399266
29/02/2016,41.74222798,23.13795337,29.77430556,54.972654,43.19948187,41.98567708,39.20552677,42.25741875,66.46002961,70.59303897,51.20442708,17.1875,42.2358298,40.60763889,45.85492228,48.79557292,30.19005848,37.70046879,15.51890432,63.31318365,53.72686899,39.08139033,28.0199852,0.35747068,4248124,2108753,1430519,345464,2426047
31/03/2016,48.66071429,28.74516753,30.21912781,60.25200458,50.41881443,36.2888601,24.39862543,48.68205248,67.93078056,72.94654863,53.64313472,37.73747841,37.11340206,49.34369603,42.93814433,49.74740933,32.98791019,47.99950908,13.70178469,70.78465063,61.71944035,36.0395189,26.52430044,0.352009423,4157603,2191206,1443269,331135,2336085
30/04/2016,42.8525641,37.70833333,26.30476804,62.45014245,50.78525641,32.33891753,37.17948718,41.42191142,68.39285714,73.93255295,53.3787049,26.28865979,36.02175602,42.97250859,40.37728938,47.23582474,33.40115753,49.86568987,15.79801451,71.00854701,58.58608059,38.71260684,27.07692308,0.352507917,4252641,2166497,1448386,404729,2353257
31/05/2016,53.553207,41.59757653,29.05448718,53.21003401,41.71715561,40.99358974,31.59013605,60.29104824,61.65725219,66.0215173,58.77003205,24.21652422,36.37909709,51.94871795,37.6585277,49.15384615,39.74808817,41.55733722,20.1994302,73.20861678,53.69897959,36.34141156,25.76895044,0.351556471,4195177,2166913,1454400,354450,2339987
30/06/2016,53.82523568,28.60088832,30.21364796,54.78708404,35.82645939,35.89285714,51.48054146,57.18158745,63.65572879,69.40796734,49.55357143,38.63378685,41.07060452,48.41836735,34.02284264,41.42857143,41.71142141,49.15397631,28.98715042,73.02594473,45.6417694,36.48477157,26.70775925,0.35062031,4107518,2312127,1462755,398794,2199118
31/07/2016,47.98430736,31.99179293,44.85511844,39.61840629,52.99084596,53.59137056,43.64478114,49.02433425,65.49873737,75.24703557,51.75682107,51.0998308,42.02632384,52.23350254,33.01767677,47.4428934,44.18024757,44.6007696,38.03346494,73.77104377,47.25468975,34.80639731,28.27561328,0.34862821,4200965,2177754,1462592,359737,2332237
31/08/2016,39.08381192,33.36997487,36.98968855,41.51312116,39.97330402,41.16792929,37.2278057,51.01644587,66.19705671,76.51846187,53.12894571,30.35914703,45.95705802,53.82154882,33.29145729,39.02146465,41.0464292,52.06987318,36.89674523,77.57398102,45.98707825,44.33626466,30.35893754,0.344807057,4080362,2272285,1468734,334853,2230607
30/09/2016,44.45982143,39.4375,39.24832496,46.20833333,48.953125,44.13316583,44.91666667,58.71022727,67.50446429,77.83695652,51.22880025,32.66331658,46.87878788,53.38358459,34.30714286,46.46356784,43.85083311,46.30952381,32.98901917,72.42361111,43.75,44.97916667,30.8,0.344070885,3982864,2412438,1470071,380885,2085237
31/10/2016,39.73880597,46.24533582,39.50520833,42.91735766,42.59950249,51.34375,41.70812604,46.31388512,61.69154229,71.29299156,50.09375,27.33333333,47.50489974,58.15,40.21321962,47.44375,44.01315789,33.08457711,31.89814815,71.31840796,49.4100924,48.08250415,31.83724236,0.340576047,4115518,2435307,1477662,526849,2065020
30/11/2016,54.02669731,61.12314356,37.89386401,48.81738174,52.66862624,44.85074627,35.60231023,70.30265527,64.82496464,68.99483427,58.70258085,27.55666114,45.39453945,57.06467662,46.78925035,49.39054726,43.45378371,56.82461103,39.29426939,74.10891089,67.18528996,45.89521452,33.82956153,0.337155607,4028831,2476210,1495135,472657,2015312
31/12/2016,59.94897959,61.64562808,35.3960396,59.94800219,55.9729064,51.96163366,53.32512315,79.32154053,60.89021816,69.09134718,49.66352104,30.28052805,45.48440066,54.07590759,46.8226601,46.81930693,39.33038041,43.66643209,38.1096443,67.4589491,78.24067558,46.66461412,34.49683322,0.334723248,3923555,2554337,1509072,424956,1942975
31/01/2017,58.51278011,63.62591912,44.99692118,59.04139434,56.75551471,68.10344828,60.70261438,81.57865419,65.04289216,69.72506394,56.38469828,41.78981938,46.52406417,60.70607553,47.94467787,48.43596059,43.37568058,67.96218487,44.38058748,70.3172658,75.74229692,47.92177288,37.81512605,0.337753286,4137338,2361890,1499324,454724,2137012
28/02/2017,61.32404181,51.06707317,35.6004902,60.82655827,62.83536585,75.71691176,58.04878049,73.17073171,67.31271777,71.18504772,53.84497549,58.87799564,59.52697709,62.0751634,45.29268293,50.17769608,48.98090815,50.92915215,56.30900508,71.45528455,77.42857143,35.47764228,35.33449477,0.335342118,4089128,2271501,1512531,285964,2243156
31/03/2017,60.13349515,43.07493932,36.34654472,63.52481122,62.97026699,74.84756098,49.51456311,74.65247132,64.42441054,65.81891093,58.7195122,64.14634146,59.39246837,58.81300813,48.18307906,40.44512195,51.36071887,52.08044383,64.20054201,77.88160734,75.8668516,39.58333333,42.32316227,0.331731534,4004790,2245703,1536334,150725,2269984
30/04/2017,64.16494134,33.95229469,38.72876214,49.37600644,52.41545894,66.82038835,45.73268921,77.62955643,66.14044168,66.09168242,55.12363471,67.96116505,59.55936173,59.75728155,47.21704624,40.37014563,46.20166922,48.22866345,59.26824883,79.17874396,76.1663216,40.08152174,43.29192547,0.331804902,4153516,2315919,1542765,362789,2200670
31/05/2017,62.58585165,24.71454327,58.59500805,49.1786859,62.48497596,67.80193237,39.54326923,67.46612762,69.12774725,69.08183528,47.92044082,69.48470209,58.80681818,56.7310789,45.32623626,37.72342995,41.37215018,55.63186813,56.24440866,76.5892094,72.67513736,48.828125,45.95123626,0.331412245,4003745,2376297,1556501,270326,2129606
30/06/2017,56.90789474,28.15490431,65.83533654,56.36629452,38.15041866,77.28365385,33.77192982,53.45802523,69.67703349,68.40545038,48.71920072,39.58333333,62.86791359,50.65705128,44.27546138,46.20192308,37.93859649,54.32900433,41.63995726,79.27299309,71.61654135,48.44996013,47.72385509,0.331741302,4004803,2391560,1559157,280028,2118108
31/07/2017,55.53146259,27.24702381,59.33512759,56.7526455,30.57291667,56.79425837,35.27777778,60.50324675,66.8920068,67.90372671,51.61857057,51.19617225,60.67099567,46.36363636,44.89965986,44.8923445,34.19373793,64.26303855,35.50416445,77.18386243,74.30272109,45.94742063,48.19727891,0.328675298,4168241,2218421,1561987,265953,2293616
31/08/2017,53.28791469,28.65817536,46.99900794,46.37967351,48.9410545,60.98809524,37.67772512,68.46725549,68.96157752,63.70286421,45.16369048,31.00529101,61.29541864,47.15873016,44.32633717,39.33928571,33.48788638,50.93658316,29.00352734,76.93654555,70.23019634,50.36532385,46.89911984,0.326620499,4109658,2166410,1570546,159286,2331956
30/09/2017,58.01465633,38.01591981,39.33649289,51.48715933,59.52977594,71.83649289,59.66981132,63.27186964,68.15616577,60.12612797,42.87248223,35.46603476,61.81389365,50.18957346,44.96967655,36.40995261,35.27479837,53.6163522,39.99473407,74.41037736,69.22843666,50.43730346,46.20283019,0.327138641,4047156,2323393,1580239,240646,2178836
31/10/2017,65.8157277,39.75205399,37.39681604,65.19300991,59.33098592,50.21816038,58.95931142,82.66111822,64.45757881,60.13727291,41.91479953,69.60167715,62.04296486,61.46226415,46.82092555,46.50353774,41.69563059,53.35345406,46.82040531,75.77986437,69.38967136,49.11971831,49.63112005,0.325196965,4160291,2266576,1584044,286901,2241618
30/11/2017,60.03838451,42.76431075,54.36717527,65.92030114,42.85192757,56.93075117,74.88317757,76.45497026,63.88935247,63.01808208,54.13732394,56.36411059,58.36873407,59.26447574,47.98064085,43.15140845,42.6859402,52.32532265,52.45174752,76.99636552,67.31308411,47.10864486,50.1435247,0.321385582,4189925,2213398,1599986,271340,2271171
31/12/2017,60.26578073,37.20930233,63.12792056,61.05297158,38.16133721,59.46845794,80.15503876,61.07293869,64.21096346,63.55409505,60.02847547,84.60539979,57.15292459,68.48909657,49.94684385,48.80257009,42.6504345,57.99557032,65.87919695,73.42377261,63.37209302,48.07170543,50.65116279,0.319087068,4108952,2319291,1616330,268636,2176452
31/01/2018,59.53621032,48.29282407,61.13372093,52.40483539,65.24884259,70.30813953,78.89660494,57.87037037,68.02248677,61.42059179,51.8931686,92.19638243,58.53675645,69.41085271,53.19940476,30.79069767,43.5495716,47.28835979,62.20499569,75.02314815,68.81613757,47.75752315,50.34060847,0.32133041,4155120,2323220,1607532,357789,2142376
28/02/2018,63.27353522,49.9639977,55.08294753,53.57782898,54.57949309,71.89236111,73.73271889,65.71533305,72.19387755,68.77880184,50.3978588,70.49897119,69.74584555,64.27469136,57.09512837,41.51041667,50.50357375,58.67895545,59.28497942,72.37071173,76.32982225,42.04109063,51.81040158,0.317231392,4162563,2231713,1627262,281688,2208308
31/03/2018,60.98869594,40.81135321,61.64074501,46.42584098,42.53870413,66.45737327,57.26299694,67.8117181,75.1965924,71.50229358,52.61376728,80.33794163,65.85348902,59.61597542,56.84469201,40.2937788,51.02676045,69.55002184,56.26386755,74.23929664,78.84665793,40.97381498,54.19397117,0.313663455,4183826,2320261,1636937,382337,2119005
30/04/2018,52.38910633,38.94121005,64.87003058,54.40131913,31.81364155,61.38188073,60.15981735,59.27251972,74.11937378,72.18830653,57.22835436,54.94393476,64.64646465,53.28746177,59.3444227,52.07568807,46.88556253,62.8506197,52.28508325,72.12075089,79.92824527,39.63089802,55.19569472,0.314047098,4181989,2409456,1643286,482773,2010948
31/05/2018,52.83279221,31.17897727,75.69920091,59.67171717,42.63494318,63.55593607,65.15151515,61.12086777,75.18262987,71.94911067,48.97617009,47.86910198,63.29201102,54.53576865,58.40422078,51.86073059,43.5872787,64.88095238,45.01099273,68.97474747,80.91558442,41.43939394,56.62012987,0.309796691,4128671,2368338,1661292,416366,2005886
30/06/2018,58.05995475,34.06391403,47.00284091,57.55404726,67.760181,74.25568182,48.07692308,61.7389963,74.74547511,71.48337596,50.88068182,82.12121212,67.13286713,57.1969697,57.17032967,44.47727273,43.40111643,67.63628528,50.24410774,69.6040724,78.64899806,42.9392911,58.93988365,0.307581209,4091736,2411658,1665250,441059,1940916
31/07/2018,52.7791184,31.8482545,61.64687029,40.71571572,51.91441441,66.75339367,49.81231231,65.24365274,74.89945302,64.3164904,38.97765837,49.39668175,66.11384111,50.57315234,54.41763192,46.61764706,43.62546638,59.65250965,51.75967823,68.26576577,79.17310167,41.55874625,58.98005148,0.303773736,4074857,2377910,1668240,415263,1947287
31/08/2018,52.2181294,28.03391256,52.62762763,48.67339312,60.18077354,68.8795045,47.04783259,57.43477375,70.85201794,64.86888282,41.94467905,60.88588589,71.70811252,49.17417417,54.09673286,43.36148649,36.71171171,68.28955798,51.91024358,66.66791231,79.06149904,36.24813154,58.78603459,0.298295601,4033808,2385733,1680997,427249,1880507
30/09/2018,54.92665816,34.45870536,74.67301943,47.89806548,55.67103795,61.28923767,33.11011905,73.53896104,69.92984694,62.41508152,38.40386771,59.94020927,72.44318182,48.44544096,54.41645408,51.8441704,36.97978129,54.57057823,45.13369872,62.51860119,78.06441327,37.47209821,58.19515306,0.296811595,4010533,2402419,1685998,441804,1837874
31/10/2018,49.63095238,34.125,66.63876488,48.35802469,52.70833333,73.66629464,38.14814815,65.46464646,71.42460317,65.99033816,42.95828683,34.67261905,71.65656566,44.74702381,59.84285714,54.04575893,40.11591479,66.73015873,46.2880291,59.78271605,78.3968254,38.66666667,58.06349206,0.29223831,3950167,2415156,1695980,438541,1771541
30/11/2018,51.58817952,27.74474558,48.6712963,39.90290069,50.95409292,59.09444444,46.09144543,60.72003218,67.91640329,59.34734513,38.04861111,60.96296296,69.34835076,48.16296296,60.47250316,47.53888889,42.10916179,51.74884113,57.53909465,63.34193707,77.95828066,33.68362832,61.45701643,0.287815586,3917441,2386074,1706419,408352,1758681
31/12/2018,45.05191945,17.5660793,53.70575221,26.91507587,64.03496696,45.76327434,15.27165932,50.38546256,65.58763373,62.27494733,33.22040929,71.11602753,66.98037645,51.37168142,57.45752045,48.87168142,41.18537494,47.16803021,42.27302524,63.59765051,75.36815607,33.70044053,61.04468219,0.280214511,3878401,2462289,1716056,456788,1660932
31/01/2019,36.34868421,16.04303728,47.97632159,42.5621345,48.51288377,33.70594714,12.82894737,31.13038278,65.21381579,67.0599733,29.14372247,5.531081743,68.21504519,51.35095448,52.00971178,54.73017621,43.36888477,52.51670844,35.78887257,64.81359649,67.53759398,34.74506579,60.1566416,0.281697151,3837251,2477348,1703311,480026,1609140
28/02/2019,43.66032439,26.84907205,36.09740497,44.63245997,67.63100437,31.93530702,11.4992722,46.99285431,59.54460387,60.06028099,41.25548246,30.53118908,55.24017467,52.90935673,47.59825328,44.47916667,42.84010465,42.2125182,27.0711501,67.9985444,63.55895197,29.92176128,57.08359326,0.276193487,3770338,2339476,1712304,330718,1682210
31/03/2019,45.50465839,20.9375,28.24781659,55.85144928,54.30706522,31.40829694,42.10144928,47.1986166,58.0007764,63.85396975,42.80499454,14.87142164,52.78656126,53.55167394,43.60403727,44.06659389,45.28652417,39.64803313,27.27640304,73.36352657,45.29192547,28.38768116,55.18944099,0.271858106,3761740,2370552,1723715,359678,1632788
30/04/2019,44.52690167,22.88961039,28.64130435,41.25781626,59.35470779,44.94565217,40.69264069,59.57300275,56.83364255,66.73254282,53.1861413,23.14009662,50.65590975,60.33333333,40.09431045,35.78804348,46.73913043,29.55060812,34.72624799,75.94636845,58.39208411,29.80699856,53.60544218,0.271059321,3705817,2503406,1728602,458851,1472812
31/05/2019,45.77432266,19.54471983,20.71158009,41.17576628,44.88820043,54.13419913,41.66666667,66.00705329,59.24415025,64.81446777,57.42356602,59.86050986,45.85292581,57.84992785,40.61422414,37.84632035,44.31153642,48.07060755,44.04361071,74.03496169,50.9205665,26.31106322,48.98091133,0.264112298,3633630,2364254,1739641,314412,1534792
30/06/2019,38.9025138,27.70922747,27.21803161,43.46089652,36.82939914,59.97306034,50.92989986,52.66289504,59.07035561,64.70656839,57.42860991,48.32375479,46.234881,52.52873563,35.28969957,38.76616379,42.31321839,52.48313918,39.40772669,74.68288031,40.91354997,27.44098712,45.49049663,0.260749854,3602533,2366271,1742065,307162,1508451
31/07/2019,44.72680098,22.78311966,28.64806867,39.48243115,40.95886752,49.85515021,60.32763533,76.82109557,58.93620269,60.08454106,61.25603541,49.66618979,47.37114737,52.91845494,35.12362637,39.12553648,38.94285069,54.93487993,27.9605786,73.93637227,41.23015873,27.93358262,41.24847375,0.255211951,3517782,2335946,1747711,234770,1490546
31/08/2019,30.66489362,14.49468085,29.1087963,34.49763593,36.30319149,58.9957265,62.12765957,44.04738878,58.62462006,65.14107308,51.35550214,80.65052232,39.81947131,53.17663818,33.0668693,44.65811966,40.46708652,41.32725431,32.38366572,77.02955083,31.61094225,40.45212766,38.58358663,0.253195017,3521106,2303583,1754886,216901,1504243
30/09/2019,29.36970339,26.11228814,38.46631206,37.84722222,39.74443856,48.65957447,54.27259887,42.67623267,56.80614407,63.25073692,59.53789894,69.88179669,40.20287622,57.54609929,35.03631961,32.35638298,41.61254199,42.03995157,26.8321513,72.80367232,35.84745763,40.50582627,34.22215496,0.256619858,3615333,2478586,1762848,380348,1427289
31/10/2019,35.31118143,40.40084388,30.97634181,37.54102203,36.14847046,43.8029661,41.38537271,40.08918297,55.58694997,61.50247661,55.56475106,59.43973635,38.67791842,57.21751412,31.98613623,34.66101695,41.47338686,39.80309423,22.9519774,74.88748242,35.21398433,40.47556259,32.34177215,0.266255763,3777355,2582298,1781021,466800,1484718
30/11/2019,39.82217887,45.6144958,29.89187764,44.45028011,41.56381303,40.93881857,46.67366947,45.93200917,55.33088235,65.61015711,60.9375,53.00046882,36.93659282,55.96343179,31.31902761,34.99472574,43.49692797,44.64785914,25.91811221,76.85457516,37.04681873,37.08858543,26.2755102,0.265723961,3818478,2540680,1792260,421790,1559719
31/12/2019,48.52435744,51.30753138,32.1647409,37.14551371,35.95711297,61.11344538,62.30822873,67.09300114,55.55514047,63.61197017,63.4946166,39.49579832,37.9231647,60.74229692,28.88971907,42.56827731,45.52557865,28.64116358,33.26330532,78.81915388,47.78242678,36.00505579,27.50149432,0.269215025,3960342,2565594,1802330,464342,1648238
31/01/2020,54.1889881,30.01302083,30.76185495,48.62268519,57.29817708,62.17573222,60.65972222,67.15909091,52.8125,69.31612319,65.38310669,41.77126918,40.20833333,60.76708508,28.625,38.13284519,47.37943184,42.70833333,43.44490934,79.31597222,28.66964286,36.24131944,25.46130952,0.271070209,3965834,2587015,1792743,516541,1612223
29/02/2020,56.30557202,32.44942946,32.29600694,53.21576763,60.32806017,62.52083333,43.25726141,75.42908336,56.34632484,69.75013531,73.68489583,69.12037037,51.96152395,68.26388889,33.38026082,34.99479167,48.79020468,29.48033985,36.56635802,79.52973721,26.9887374,41.80497925,25.38529935,0.270913918,3986402,2526300,1800006,461918,1680070
31/03/2020,31.44554309,54.30010331,29.94467497,31.77800735,51.57541322,56.33298755,19.76584022,30.7663411,35.06493506,49.60025153,74.4813278,53.0428769,36.75807663,62.50345781,34.94834711,28.17427386,49.98908059,29.33884298,23.25956662,76.84343434,27.23730815,43.29373278,9.74025974,0.315966974,4943390,2954757,1872209,673519,2347747
30/04/2020,15.54600235,53.58796296,9.97761708,14.36899863,27.97710905,33.85330579,0.274348422,19.77179199,5.188124633,12.94954375,32.85123967,33.88429752,34.71131064,22.49311295,30.81569665,46.4927686,42.32637379,27.25847541,11.6620753,77.07361683,30.06466784,43.27846365,8.903586126,0.38397006,6433992,3539586,1910511,1296625,3163512
31/05/2020,12.29874122,52.56147541,2.572016461,13.81489071,36.93007172,27.18106996,4.542349727,17.68349478,8.357728337,16.78323236,11.56121399,0.205761317,18.23770492,59.98628258,28.64022248,52.11934156,38.91054797,45.29664325,7.582685566,71.64845173,37.25702576,51.39173497,7.18969555,0.398774905,6901765,3828053,1948196,1522210,3317688
30/06/2020,30.45553936,42.78061224,1.272199454,52.72675737,54.82780612,19.01127049,39.04761905,29.48979592,13.0393586,19.8447205,30.42072234,23.74772313,20.12368584,59.9863388,28.24927114,41.09631148,39.24719586,51.84645287,13.92683667,75.90589569,35.43731778,49.41751701,7.221574344,0.38968989,6910453,4193158,1963961,1848380,2937657
31/07/2020,45.31794425,44.39151423,9.706632653,67.59823848,70.38871951,33.4744898,60.73848238,26.43200296,36.2369338,36.99186992,57.97193878,87.43764172,25.32027593,60.14965986,26.8887921,37.38265306,39.37343358,61.45954317,11.17913832,85.98125565,33.28977933,49.58926152,7.290940767,0.383380063,6779763,4311439,1992724,1940702,2685376
31/08/2020,46.76836322,52.201417,42.01812331,78.62123257,57.9832996,30.85873984,59.88529015,27.99043062,38.66035281,43.86331632,80.62118902,95.79945799,31.79364495,59.68834688,26.34904569,33.7296748,46.09542148,59.59128591,29.60704607,89.09244265,36.84210526,70.1417004,7.157316368,0.380060676,6825784,4163460,2013906,1776806,2875399
30/09/2020,53.39141705,45.95514113,44.28559379,69.87567204,59.04737903,33.63360324,76.71370968,43.4292522,41.88148041,45.41111501,76.51821862,96.3562753,32.06256109,55.88394062,25.81365207,48.13259109,46.90674054,69.6140553,28.94736842,91.99820789,35.91589862,76.31888441,10.02304147,0.381377333,6898394,4360382,2032488,1961073,2743245
31/10/2020,60.75014343,56.70180723,50.49143145,68.02208835,47.79743976,48.41229839,73.86211513,63.97864184,62.67928858,63.69172342,82.8093498,98.90232975,37.50152124,55.0672043,30.19650029,40.48387097,45.22495756,57.54446357,36.45459976,91.35207497,30,76.16716867,10.67412507,0.383161456,6992524,4247161,2044953,1838848,2947256
30/11/2020,56.88928571,60,60.35809906,62.05,50.3875,56.68674699,69.96666667,43.92272727,63.06785714,61.4673913,78.52033133,98.10352521,30.92727273,53.58768407,26.10428571,43.60943775,43.99351793,50.06666667,49.00342109,92.43333333,28.48,72.325,12.00285714,0.378712484,7067168,4121209,2065966,1694090,3143863
31/12/2020,55.71997723,61.87749004,58.35833333,62.98694112,31.97833665,51.685,60.52456839,36.78467946,61.04866249,57.47661528,76.609375,79.91111111,28.51623808,58.57333333,24.95873648,45.315,47.52982456,51.73591349,47.42962963,90.31651173,26.01593625,71.57204515,13.17017644,0.381633488,7201633,4268425,2086840,1808390,3142970
31/01/2021,56.16496599,65.53819444,73.05776892,60.44973545,42.44791667,32.5747012,79.19973545,36.41774892,56.90901361,56.46566598,72.36678287,79.41567065,28.84199134,58.92430279,28.63662132,50.44820717,51.57964633,71.52305367,54.73660912,87.24867725,29.86394558,71.49884259,11.91326531,0.384116756,7242626,4224453,2097393,1816435,3228751
28/02/2021,48.42250141,62.83349802,72.75132275,60.25472112,29.36635375,30.69444444,71.87088274,48.12252964,54.28783173,54.82471215,63.38355655,97.86155203,30.02155947,60.41005291,31.51044608,47.91666667,51.63951546,84.04856014,61.19194591,87.83816425,38.48108413,48.63306983,12.32354602,0.388560963,7433423,4254613,2102599,1849096,3384183
31/03/2021,59.51560742,75.00615157,24.10243742,64.12948381,59.68873031,36.78359684,99.11417323,72.56621331,62.11332958,62.72680589,43.30224802,61.87966623,33.32736817,67.36495389,35.02952756,48.58201581,52.22592053,85.17060367,71.76840872,90.6911636,54.40382452,47.31381234,16.21484814,0.382519589,7384754,4064230,2144066,1470283,3672702
30/04/2021,68.85154062,73.40073529,55.76607612,75.78431373,75.14093137,44.72933071,99.01960784,78.47593583,77.75560224,79.37127025,59.99630906,99.05949256,35.84670232,59.67191601,35.07002801,46.73720472,55.07321453,87.61904762,83.51560222,92.94553377,53.34453782,47.4754902,18.19327731,0.386401251,7446336,3940209,2163435,1295205,3889018
31/05/2021,64.39034598,70.92285156,64.71405229,63.47113715,72.60742188,62.51470588,98.828125,78.26704545,78.2749721,81.06105639,53.48345588,98.71459695,63.39370265,59.9869281,35.20647321,44.81862745,65.23563811,93.51748512,85.58460421,90.89192708,49.82421875,49.56054688,17.91852679,0.389984408,7282200,4101011,2172925,1159225,3851623
30/06/2021,53.38035019,61.58195525,86.65771484,60.92736706,66.92607004,60.55664063,89.68871595,69.77803325,72.01570317,78.92911521,57.80029297,98.19878472,61.15434501,79.0234375,36.31739855,52.39746094,66.28974781,92.26422086,85.06221065,85.48421963,50.84769316,49.88245785,20.10561423,0.397241623,6865848,4615143,2183581,1082185,3511630
31/07/2021,52.18023256,52.77979651,75.33236057,54.4250646,58.12742248,65.1848249,82.71963824,64.18692741,78.6683278,82.29482642,47.39178016,98.85430177,59.27296218,63.20363165,34.85741971,54.50875486,67.9227251,91.78663714,86.70557717,80.67614126,44.11960133,49.67700258,22.56090808,0.400459472,7049827,4268899,2186355,774254,4001061
31/08/2021,38.14464975,53.54126448,75.40778424,45.81188331,66.37910232,57.31104651,89.02831403,36.13109863,81.21552675,80.80829276,41.83321221,72.63135228,66.02901603,52.85529716,34.27192499,55.10658915,72.51801986,77.47747748,87.54665518,79.35435435,43.06122449,44.83590734,24.35741864,0.400772568,6976826,4178461,2188660,497782,4203475
30/09/2021,36.8853022,55.91947115,74.31628057,42.7724359,61.68870192,53.12741313,75.32051282,23.79807692,81.7342033,78.59531773,51.41469595,79.49377949,66.63752914,86.31917632,34.65659341,55.97490347,71.35406083,84.23992674,86.92263692,75.80876068,41.31868132,43.4375,23.78571429,0.405305299,6793879,4401417,2197316,429541,4094809
31/10/2021,35.60823755,65.54118774,50.94951923,34.32311622,72.32998084,50.47596154,88.12260536,23.73301985,83.18281336,79.60603032,45.94350962,93.41880342,66.35899222,65.83333333,37.35905857,53.50961538,70.73211876,90.90494435,87.18660969,73.51532567,58.0952381,43.30300128,23.08155446,0.406718654,6883538,4481867,2205460,482061,4123154
30/11/2021,33.6763904,60.57967557,64.48355683,36.8956743,63.89551527,44.53544061,91.57124682,32.95454545,87.43525082,83.31189844,58.30340038,83.26947637,71.41452695,64.45721584,41.55670665,50.75670498,74.99495866,89.84005816,88.0587484,78.81467345,59.7655398,42.16762087,25.38440567,0.405991882,6972177,4558185,2219503,510868,4172807
31/12/2021,36.05038023,59.95128327,76.27226463,45.56400507,68.73217681,41.86545802,88.40304183,41.05599723,88.00923411,83.34228798,61.96326336,92.09075488,72.9001037,77.36641221,39.8139598,44.37977099,78.94736842,84.56454825,88.14673452,78.8973384,58.70722433,42.23304816,25.38565997,0.402610371,6885604,4766533,2236532,539646,4039860
31/01/2022,30.91179654,61.84895833,71.66112167,42.68202862,47.8811553,52.26711027,91.13005051,32.46814738,82.79897186,78.58407444,59.01259506,84.95986481,70.77020202,85.69074778,48.78382035,48.4743346,80.85517977,82.71103896,85.71327982,80.0462963,66.2202381,42.16777146,29.59145022,0.411677097,7018247,5084361,2229874,895818,3825076
28/02/2022,33.23450135,60.05896226,59.54861111,53.48532495,38.18985849,54.70643939,87.54716981,28.44339623,85.1583558,84.16735029,51.95016572,86.67929293,85.30588908,57.26010101,52.6212938,53.24337121,81.59888357,76.07367475,85.29040404,82.20545073,73.43396226,45.31446541,29.67924528,0.412219062,6984280,5231415,2240484,930034,3745976
31/03/2022,26.41313104,61.20770677,71.52908805,37.72974102,41.03031015,46.57075472,86.9047619,18.05365687,87.02000537,82.76806146,46.39150943,86.24737945,82.66119845,71.96226415,58.59828142,54.26415094,85.27970871,80.73755818,87.38644305,85.42710944,79.43609023,44.07111529,37.20461869,0.408973852,6944687,5212004,2268291,835300,3773466
30/04/2022,26.27742108,62.57022472,83.30983709,40.32979609,37.04353933,44.31860902,81.83520599,27.31528771,85.27956126,83.46156978,39.62347274,93.96407686,80.95562365,59.28571429,64.3846977,60.09868421,88.6096821,73.27447833,89.28571429,85.74178111,81.82718031,36.03308365,43.60888175,0.413715816,6896470,5660485,2270662,1230333,3327548
31/05/2022,27.91178038,60.77425373,81.47237828,39.34494196,39.05083955,39.04026217,76.46144279,20.47574627,82.03624733,81.02490266,39.39021536,94.36121515,74.14066033,65.83021223,64.82809168,58.54868914,87.00965898,77.14108031,88.95131086,79.43200663,84.56823028,31.5920398,55.21588486,0.414165029,6705366,5648570,2275926,1047581,3315018
30/06/2022,20.75477961,46.81110595,67.78218284,30.70528707,38.95213755,37.51399254,78.81040892,11.08905035,80.38369623,80.27719412,23.77565299,90.89966833,72.06826631,68.22139303,71.64232608,63.22761194,86.90429432,67.40130997,89.144555,72.57744734,85.68242167,30.40195167,61.50557621,0.41403887,6473727,5843362,2281126,1007901,3118611
31/07/2022,20.56216931,22.86458333,55.2702912,31.54320988,60.87962963,32.88568773,73.67283951,9.158249158,81.08465608,86.35668277,20.73652416,93.28789756,70.90347924,68.33952912,68.78306878,52.74163569,88.60301311,51.60493827,88.8957731,70.23251029,84.23544974,32.77006173,65.29365079,0.413096597,6454779,5663423,2274799,837686,3275609
31/08/2022,28.19913021,21.61554428,54.14737654,37.08487085,61.80811808,28.87037037,77.58302583,37.73901375,80.9501845,81.93686828,19.54861111,83.66255144,54.94800403,59.81481481,72.72535582,64.8287037,87.34567901,38.13916711,83.42249657,66.85731857,84.98945704,36.20079951,66.95044808,0.411099141,6346335,5758773,2278728,886284,3115846
30/09/2022,33.89246324,27.87224265,53.29412669,39.65992647,62.04618566,28.80073801,67.92279412,48.28709893,77.89522059,80.30091113,23.62200185,78.20828208,56.46724599,61.04551046,73.24711134,66.62361624,82.66653719,26.51435574,64.69181358,62.06495098,86.64390756,33.76608456,68.99684874,0.411854608,6207044,5862128,2278657,881536,2983206
31/10/2022,34.49110413,23.22000916,58.80821078,43.91025641,38.78205128,40.59283088,69.68864469,41.17965368,75.10465725,79.13481446,21.89223346,79.43218954,57.67010767,55.30637255,75.38461538,58.69025735,78.54102167,37.27542299,56.84232026,58.22954823,86.60648875,34.95115995,71.44688645,0.408736458,6283866,5665084,2284547,831180,3108146
30/11/2022,28.83537539,16.71989051,52.20543346,40.0243309,47.65054745,37.22069597,54.31873479,37.84007963,71.80982795,79.62551571,20.66163004,75.86487586,61.89449237,58.27838828,73.89728884,57.54120879,76.58890817,46.53284672,61.51811152,58.34752636,86.78832117,37.12743309,73.72002086,0.402268748,6137757,5582030,2297800,733145,3052233
31/12/2022,33.06818182,18.375,38.83059611,42.9040404,33.625,48.34854015,45.3030303,51.80578512,69.87012987,76.61264822,18.98095347,48.47931873,62.9476584,54.46472019,66.71038961,60.9899635,70.98220003,29.50649351,61.8883482,61.7030303,84.06233766,37.90151515,75.63376623,0.399705007,5974235,5621648,2307340,637310,2979738
31/01/2023,39.54774845,19.55955616,29.89015152,41.29428341,44.70674819,39.39090909,75.15096618,56.21294466,73.1560559,78.48731884,20.74431818,34.74747475,63.16425121,52.90909091,63.23757764,65.49545455,66.55821372,20.48826777,45.23232323,63.99959742,80.6573499,38.02838164,75.16045549,0.401640453,6105922,5520584,2291233,773682,3000541
28/02/2023,49.21351212,28.316787,33.6767814,47.95427196,53.27730144,45.51630435,77.0156438,54.37315392,74.31343476,76.64220687,30.12624547,81.52173913,48.62706487,44.14251208,66.87467767,54.07608696,68.62128146,27.85800241,51.71095008,66.50621741,80.91284167,25.33092659,75.46673543,0.397576744,5961274,5449077,2302066,643828,2983553
31/03/2023,45.29162384,24.39298561,33.9801444,52.31314948,34.72909173,45.50090253,62.94964029,45.43410726,69.0454779,75.1896309,34.19449458,66.7468913,55.07957271,43.09265945,62.68499486,45.45577617,67.23985053,26.03631381,45.45393769,70.57953637,75.94552929,30.14838129,74.13412127,0.417318998,6123722,5354464,2323580,376963,3401800
30/04/2023,42.79313876,28.125,40.30275779,57.47212266,49.85439068,40.10791367,50.4181601,39.14141414,67.67153098,73.61890291,34.46211781,43.92486011,54.74638862,43.36930456,62.68817204,53.04856115,62.97488325,27.76071002,34.09938716,75.04181601,74.3343574,34.89396655,73.43573989,0.414585597,5974484,5481190,2323746,505693,3132099
31/05/2023,37.88265306,27.58370536,43.43264636,50.76884921,17.77901786,36.52777778,53.48214286,35.94967532,65.75892857,74.57298137,34.89863351,52.52887296,47.29437229,41.87574671,66.51785714,52.71953405,60.07357102,29.14115646,27.02110713,76.55753968,73.36989796,45.98214286,72.19132653,0.404855551,5820383,5230534,2344176,268475,3205526
30/06/2023,52.63091002,25.67282028,38.53422619,57.09766706,43.67215302,36.38839286,59.90510083,58.79974118,69.49351805,74.86074578,44.5703125,25.99206349,49.92451202,42.39285714,65.73462125,53.50446429,56.61967419,26.5717675,19.17328042,79.08461843,72.76563294,44.61373072,69.94916116,0.404180631,6119408,5215250,2343340,606221,3176029
31/07/2023,54.05901722,22.19636525,36.16918743,52.96985816,45.2293883,49.3594306,46.86761229,66.91650548,64.70997974,71.08965464,42.46552491,37.20838276,50.88652482,48.48161329,65.96631206,47.03736655,56.17468939,28.57987166,19.21049163,77.79156816,72.87234043,44.14893617,70.28622087,0.398895932,6226960,5127168,2333481,742465,3166767
31/08/2023,57.17125189,24.5914311,35.86731678,56.32606989,34.93264134,48.05407801,48.88103651,62.05027305,63.57269056,71.2090951,44.68639184,63.67218282,39.97751365,51.07565012,65.71176174,54.27748227,54.43884534,22.95137136,19.82532178,74.89890067,74.42705704,53.5262073,68.31650681,0.394116197,6173057,4974838,2331504,675819,3196542
30/09/2023,50.66335513,36.11355634,38.91710836,57.9763302,37.07636444,43.74558304,61.70774648,51.94862356,60.78030684,72.10655236,30.33900177,42.65802905,42.3548869,53.39222615,66.3028169,40.65812721,58.02492096,30.57511737,43.19460804,68.97300469,70.46277666,52.34375,68.34004024,0.389425162,6297326,4883934,2324023,845484,3168502
31/10/2023,38.65914787,43.65131579,50.11370305,52.62183236,37.78508772,43.38908451,48.30409357,37.26475279,54.93107769,68.798627,33.70378521,50.09780908,42.13716108,60.05868545,69.81203008,59.60827465,60.56646899,45.73099415,54.2057903,64.66276803,71.73182957,51.09283626,67.66165414,0.38530799,6555310,4694455,2323027,1016892,3263971
30/11/2023,40.71865634,38.21022727,29.79166667,53.44794095,42.11101399,41.53508772,54.25407925,38.42180547,54.4517982,67.09106111,33.13870614,60.97465887,36.59143886,55.87134503,60.30094905,62.30263158,59.19975377,44.32234432,36.5497076,63.88500389,69.0959041,44.63869464,62.36513487,0.377004188,6592104,4450864,2332634,920722,3395396
31/12/2023,48.30450473,23.51916376,36.03948135,54.62640341,41.45252613,46.64772727,63.18234611,54.03072537,50.46042807,69.96667172,40.88996941,40.09324009,36.42698765,57.93706294,48.21926332,59.02972028,56.25383389,36.2618218,30.37425537,64.67092528,60.6097561,46.95847851,59.34295669,0.36950286,6597705,4329066,2344610,887342,3434213
31/01/2024,57.71329365,23.42664931,42.26190476,59.48591821,43.70659722,56.70731707,43.1712963,69.15640783,53.76054067,70.26343599,51.9054878,58.82694541,40.86700337,65.37746806,46.62574405,51.08449477,55.41597897,29.77843915,29.0295522,68.94772377,58.62847222,47.53327546,56.58482143,0.368856274,6702398,4268284,2326951,1050556,3411717
29/02/2024,54.97095897,32.1583045,25.10850694,54.74817378,52.28698097,46.09809028,45.76124567,63.34932369,51.98035096,69.56521739,41.88096788,35.97608025,43.09007025,53.18287037,48.12036579,42.15277778,56.45102339,30.63107596,30.44624486,68.83890811,65.47701434,39.39590542,58.16608997,0.365051373,6709079,4076898,2333089,930101,3540982
31/03/2024,58.05110837,33.90086207,36.20602653,50.52203065,62.30603448,39.56747405,50.91954023,62.08855799,55.16625616,70.63343328,51.58682958,14.70588235,43.4691745,53.87543253,49.87931034,49.08304498,56.34674923,44.17077176,42.79764193,72.76245211,64.46305419,33.68175287,55.25862069,0.356781419,6662557,4062901,2344024,946645,3472403
30/04/2024,50.13500245,39.67998282,33.72126437,45.57082856,31.5560567,35.51724138,54.26689576,50.51155889,51.99128621,68.4072912,44.29418103,31.07279693,42.6585442,56.83908046,51.60407462,39.63362069,56.90865094,47.07085583,40.1596424,73.11760214,69.43544428,33.92754868,55.56455572,0.356175643,6643931,4181484,2344784,1133956,3271706
31/05/2024,44.15362035,40.7427226,43.96119702,41.78082192,53.89554795,45.46391753,57.56278539,51.07409714,53.24425147,68.19163192,43.28554553,23.27224131,38.19530926,62.64604811,50.11986301,46.81701031,56.15542292,37.89954338,49.83454245,71.28900304,64.57681018,43.57876712,57.51223092,0.350258162,6510312,3943839,2354005,876937,3391075
30/06/2024,39.5843491,39.8890785,41.09232306,48.96188851,35.8628413,45.20119863,43.82821388,37.34874341,50.52413457,63.38292031,30.53831336,27.9109589,39.02678664,63.93835616,53.21062896,44.22089041,54.8035328,48.60230782,34.95053272,69.31171786,60.00731351,43.84243458,58.18137494,0.346010182,6402243,4013114,2352646,898647,3268895
31/07/2024,33.05697279,36.09693878,51.68870876,45.98922902,52.09927721,41.10921502,59.32539683,33.22510823,51.34232264,62.09701272,34.61764078,44.57717103,38.95073181,57.75881684,47.29348882,51.91552901,48.91922639,43.18108196,33.65566932,67.67573696,58.02964043,43.97321429,54.68901846,0.34322392,6415410,4049971,2348588,1018358,3178700
31/08/2024,32.39709443,38.50635593,46.31164966,32.9613936,36.75317797,40.82908163,47.31638418,48.89830508,48.8559322,60.233972,32.51753827,39.15343915,40.0719055,66.31519274,38.78692494,44.49829932,43.93125671,36.65052462,36.41345427,65.56308851,46.72154964,37.21045198,51.6125908,0.338703432,6372009,3929051,2350572,913299,3244959
30/09/2024,40.05188224,48.05215372,44.01836158,45.77233483,46.53716216,36.53813559,56.95382883,52.86394349,48.78137066,62.5293772,38.75529661,40.07532957,38.71826372,65.00564972,32.35762548,55.58898305,41.72167707,37.33108108,33.26428123,63.09309309,38.51110039,36.96509009,47.90057915,0.334609012,6297795,3989544,2350597,949129,3141565
31/10/2024,45.00661376,61.02693603,32.05588401,50.66872428,39.62015993,38.23902027,53.92817059,64.75359657,48.78246753,60.23093251,46.13334037,63.34459459,35.80246914,70.79954955,32.35762548,55.58898305,45.47475107,34.55988456,32.18843844,64.25364759,47.24146224,37.80513468,49.78595479,0.33072048,6436575,3847788,2356336,1011543,3215794
30/11/2024,46.96488495,63.93141779,36.64421998,56.18008949,54.78712248,43.24915825,58.86465324,69.43639414,47.88171141,62.0385906,50.06576178,49.3453049,42.26662599,71.14478114,32.35762548,55.58898305,48.77429263,43.4963247,32.30452675,67,56.47651007,40.52013423,50.16059444,0.322573623,6386003,3721477,2362860,941279,3234035
31/12/2024,48.9279742,64.22449833,27.18819911,50.65031587,45.58946488,67.36577181,58.86465324,56.93219824,51.00633063,61.4275847,52.76845638,50.67114094,43.0221952,73.61297539,32.35762548,55.58898305,53.51760273,43.4963247,43.79194631,67,65.78595318,41.76421405,50.31055901,0.319710792,6370910,3718761,2367553,941399,3218476
